season,week,home_id,away_id,home_score,away_score,home_turnovers,away_turnovers,home_win
2015,1,17,23,28,21,0,1,1
2015,1,2,11,27,14,0,3,1
2015,1,3,9,23,31,1,0,0
2015,1,14,26,34,31,3,1,1
2015,1,20,5,31,10,1,5,1
2015,1,28,15,10,17,2,1,0
2015,1,30,29,9,20,3,1,0
2015,1,34,12,20,27,2,0,0
2015,1,22,18,31,19,1,1,1
2015,1,24,8,33,28,3,2,1
2015,1,7,33,19,13,1,2,1
2015,1,13,4,13,33,2,0,0
2015,1,27,10,14,42,2,1,0
2015,1,6,19,27,26,3,0,1
2015,1,1,21,26,24,2,2,1
2015,1,25,16,20,3,1,1,1
2015,2,12,7,24,31,5,1,0
2015,2,2,17,32,40,3,2,0
2015,2,3,22,23,48,2,2,0
2015,2,4,24,24,19,2,3,1
2015,2,5,10,28,14,0,3,1
2015,2,16,8,26,16,1,3,1
2015,2,18,27,19,26,3,2,0
2015,2,19,1,20,24,1,0,0
2015,2,23,25,43,18,0,1,1
2015,2,28,14,24,10,1,0,1
2015,2,29,34,24,17,1,1,1
2015,2,13,33,37,33,1,2,1
2015,2,30,15,23,20,0,0,1
2015,2,21,6,10,20,3,2,0
2015,2,9,26,27,17,1,2,1
2015,2,11,20,7,20,5,1,0
2015,3,19,28,32,21,0,3,1
2015,3,5,13,20,27,2,1,0
2015,3,6,1,28,39,1,0,0
2015,3,10,11,33,35,2,2,0
2015,3,14,23,6,12,1,1,0
2015,3,16,24,31,14,1,2,1
2015,3,17,30,51,17,0,1,1
2015,3,20,21,17,24,4,1,0
2015,3,29,18,27,22,0,2,1
2015,3,33,4,24,28,1,2,0
2015,3,34,27,19,9,1,1,1
2015,3,22,25,47,7,1,4,1
2015,3,15,2,14,41,3,0,0
2015,3,26,3,26,0,0,0,1
2015,3,8,7,12,24,3,2,0
2015,3,9,12,38,28,0,1,1
2015,4,23,33,20,23,0,2,0
2015,4,15,20,14,27,2,1,0
2015,4,1,34,48,21,0,4,1
2015,4,2,19,10,24,2,1,0
2015,4,3,13,22,20,3,2,1
2015,4,4,12,36,21,0,1,1
2015,4,11,30,16,13,2,0,1
2015,4,27,29,23,37,5,1,0
2015,4,28,21,23,20,1,2,1
2015,4,24,5,30,27,0,1,1
2015,4,7,16,23,20,2,1,1
2015,4,22,14,22,24,3,0,0
2015,4,25,9,3,17,1,0,0
2015,4,18,6,26,20,0,0,1
2015,4,26,8,13,10,3,1,1
2015,5,34,11,20,27,2,0,0
2015,5,1,28,25,19,3,2,1
2015,5,4,26,27,24,2,1,1
2015,5,9,14,24,10,3,4,1
2015,5,10,2,13,14,1,1,0
2015,5,12,3,17,18,0,1,0
2015,5,21,18,39,17,2,4,1
2015,5,27,30,38,31,0,2,1
2015,5,33,5,30,33,0,0,0
2015,5,8,22,17,42,6,0,0
2015,5,6,17,6,30,2,0,0
2015,5,13,7,10,16,3,2,0
2015,5,19,25,30,27,1,0,1
2015,5,24,23,20,24,2,1,0
2015,6,18,1,31,21,0,3,1
2015,6,2,4,21,34,1,0,0
2015,6,5,7,23,26,3,3,0
2015,6,8,3,37,34,3,1,1
2015,6,10,15,10,38,4,2,0
2015,6,16,12,16,10,2,1,1
2015,6,20,28,34,20,3,2,1
2015,6,23,22,25,13,0,3,1
2015,6,30,34,20,31,3,0,0
2015,6,26,29,23,27,0,2,0
2015,6,9,24,27,20,0,1,1
2015,6,25,33,25,20,0,2,1
2015,6,11,17,27,34,0,1,0
2015,6,21,19,27,7,4,3,1
2015,7,25,26,3,20,0,2,0
2015,7,30,2,34,31,1,4,1
2015,7,8,16,19,28,0,1,0
2015,7,10,1,7,10,2,2,0
2015,7,11,18,21,27,3,1,0
2015,7,12,23,23,13,0,3,1
2015,7,14,5,24,6,1,4,1
2015,7,15,34,44,26,1,1,1
2015,7,17,20,30,23,0,1,1
2015,7,28,27,31,30,1,1,1
2015,7,24,13,29,37,2,0,0
2015,7,19,6,27,20,0,4,1
2015,7,29,21,27,16,3,1,1
2015,7,22,33,26,18,0,2,1
2015,8,17,15,36,7,0,2,1
2015,8,12,8,45,10,0,2,1
2015,8,1,27,20,23,4,0,0
2015,8,3,16,20,23,0,1,0
2015,8,5,22,20,34,2,4,0
2015,8,14,25,27,6,1,0,1
2015,8,18,19,52,49,2,1,1
2015,8,23,4,10,16,3,2,0
2015,8,33,24,29,26,0,0,1
2015,8,34,10,20,6,0,3,1
2015,8,13,20,34,20,0,1,1
2015,8,6,26,12,13,0,1,0
2015,8,7,9,29,10,1,0,1
2015,8,29,11,29,26,3,4,1
2015,9,4,5,31,10,0,0,1
2015,9,2,15,33,17,0,1,1
2015,9,16,14,21,18,1,0,1
2015,9,17,28,27,10,2,2,1
2015,9,18,10,28,34,2,1,0
2015,9,20,30,28,23,0,4,1
2015,9,23,13,38,35,2,4,1
2015,9,29,9,37,29,1,2,1
2015,9,25,1,17,16,2,0,1
2015,9,27,19,18,32,3,2,0
2015,9,11,7,27,24,0,2,1
2015,9,6,21,27,33,1,0,0
2015,9,24,3,19,22,1,2,0
2015,10,20,2,17,22,4,0,0
2015,10,9,8,16,18,0,1,0
2015,10,10,29,10,27,2,0,0
2015,10,14,3,13,37,2,2,0
2015,10,21,15,19,20,1,0,0
2015,10,23,5,30,9,2,3,1
2015,10,27,6,10,6,2,1,1
2015,10,28,18,47,14,0,2,1
2015,10,33,30,20,22,4,1,0
2015,10,13,16,14,30,2,0,0
2015,10,7,12,13,29,5,0,0
2015,10,19,17,26,27,1,2,0
2015,10,26,22,32,39,1,3,0
2015,10,4,34,6,10,2,1,0
2015,11,30,10,19,13,2,1,1
2015,11,1,11,21,24,4,3,0
2015,11,3,7,15,17,2,0,0
2015,11,8,13,18,13,0,0,1
2015,11,15,6,14,24,1,2,0
2015,11,21,27,17,45,4,1,0
2015,11,29,28,44,16,0,5,1
2015,11,33,14,16,13,2,4,1
2015,11,34,20,24,17,1,2,1
2015,11,24,12,3,33,2,0,0
2015,11,16,9,13,30,1,0,0
2015,11,26,25,29,13,0,0,1
2015,11,22,4,34,31,2,1,1
2015,11,17,2,20,13,1,1,1
2015,12,8,21,45,14,0,1,1
2015,12,6,29,14,33,3,0,0
2015,12,9,3,13,17,2,0,0
2015,12,1,16,10,20,3,1,0
2015,12,4,14,31,7,1,3,1
2015,12,10,13,21,24,2,2,0
2015,12,11,27,25,12,0,1,1
2015,12,12,2,30,22,0,2,1
2015,12,20,15,38,20,0,2,1
2015,12,28,19,20,14,0,3,1
2015,12,30,24,25,31,1,0,0
2015,12,34,18,24,6,1,1,1
2015,12,25,22,13,19,2,0,0
2015,12,26,23,39,30,0,4,1
2015,12,7,17,30,24,1,1,1
2015,12,5,33,27,33,0,2,0
2015,13,8,9,23,27,1,1,0
2015,13,2,34,30,21,0,1,1
2015,13,3,25,20,26,1,0,0
2015,13,5,4,3,37,2,0,0
2015,13,10,30,42,39,2,1,1
2015,13,14,22,3,27,1,0,0
2015,13,15,33,15,13,1,2,1
2015,13,16,26,7,38,1,1,0
2015,13,19,20,20,23,1,1,0
2015,13,27,1,23,19,2,1,1
2015,13,13,12,20,34,3,2,0
2015,13,24,7,3,17,3,1,0
2015,13,17,21,28,35,2,1,0
2015,13,18,29,38,41,1,3,0
2015,13,23,11,45,10,2,3,1
2015,13,28,6,16,19,1,3,0
2015,14,22,16,23,20,0,3,1
2015,14,3,28,21,24,1,1,0
2015,14,4,23,20,33,3,1,0
2015,14,5,25,24,10,2,0,1
2015,14,12,24,10,3,2,1,1
2015,14,14,8,21,14,1,1,1
2015,14,20,10,30,8,0,1,1
2015,14,21,2,23,20,1,2,1
2015,14,27,18,17,24,0,0,0
2015,14,29,1,38,0,0,4,1
2015,14,30,11,51,16,2,2,1
2015,14,33,26,6,35,2,1,0
2015,14,7,13,12,15,2,0,0
2015,14,9,6,28,7,0,1,1
2015,14,34,17,6,27,1,1,0
2015,14,15,19,24,31,1,1,0
2015,15,14,27,31,23,0,2,1
2015,15,6,20,16,19,4,1,0
2015,15,11,34,10,16,2,2,0
2015,15,16,3,38,17,0,2,1
2015,15,17,10,33,16,1,3,1
2015,15,19,29,35,38,2,1,0
2015,15,28,2,35,25,1,0,1
2015,15,30,1,17,23,1,1,0
2015,15,33,12,14,34,3,0,0
2015,15,13,9,20,30,2,2,0
2015,15,26,5,30,13,0,1,1
2015,15,23,7,34,27,2,2,1
2015,15,24,15,30,14,2,1,1
2015,15,25,4,14,24,4,1,0
2015,15,21,22,17,40,4,0,0
2015,15,18,8,27,35,0,1,0
2015,16,13,24,23,20,1,1,1
2015,16,21,28,24,38,2,0,0
2015,16,1,29,20,13,1,1,1
2015,16,2,6,16,6,2,2,1
2015,16,8,25,32,17,0,1,1
2015,16,10,34,6,34,4,1,0
2015,16,12,5,17,13,1,1,1
2015,16,15,11,12,18,1,0,0
2015,16,20,17,26,20,1,1,1
2015,16,27,3,21,26,3,0,0
2015,16,33,23,20,17,0,3,1
2015,16,18,30,38,27,0,2,1
2015,16,22,9,38,8,2,4,1
2015,16,26,14,17,23,3,0,0
2015,16,16,19,49,17,0,3,1
2015,16,7,4,20,17,1,1,1
2015,17,1,18,17,20,2,1,0
2015,17,2,20,22,17,1,3,1
2015,17,3,8,20,24,3,0,0
2015,17,4,33,24,16,0,2,1
2015,17,5,23,12,28,4,3,0
2015,17,6,28,23,34,4,0,0
2015,17,11,10,30,24,1,1,1
2015,17,15,17,20,10,0,0,1
2015,17,19,21,30,35,1,2,0
2015,17,34,30,30,6,1,4,1
2015,17,7,24,27,20,5,1,1
2015,17,12,13,23,17,2,1,1
2015,17,22,26,6,36,3,0,0
2015,17,25,14,19,16,1,0,1
2015,17,29,27,38,10,2,3,1
2015,17,9,16,13,20,2,2,0
2016,1,7,29,21,20,3,1,1
2016,1,1,27,24,31,0,1,0
2016,1,10,16,16,25,3,0,0
2016,1,12,24,33,27,1,0,1
2016,1,18,13,34,35,1,0,0
2016,1,20,4,22,23,1,1,0
2016,1,21,5,29,10,0,1,1
2016,1,30,9,23,27,1,0,0
2016,1,33,2,13,7,1,0,1
2016,1,34,3,23,14,1,1,1
2016,1,26,15,12,10,2,0,1
2016,1,6,19,19,20,0,1,0
2016,1,11,8,35,39,0,0,0
2016,1,22,17,21,23,0,2,0
2016,1,28,23,16,38,2,1,0
2016,1,25,14,28,0,1,2,1
2016,2,2,20,31,37,1,1,0
2016,2,5,33,20,25,2,2,0
2016,2,8,10,15,16,1,1,0
2016,2,17,15,31,24,1,4,1
2016,2,19,18,16,13,3,0,1
2016,2,23,4,24,16,2,2,1
2016,2,28,6,23,27,1,1,0
2016,2,29,25,46,27,4,3,1
2016,2,34,12,19,12,2,3,1
2016,2,14,26,9,3,0,1,1
2016,2,22,27,40,7,0,5,1
2016,2,7,11,34,20,1,2,1
2016,2,13,1,28,35,0,1,0
2016,2,24,30,38,14,1,3,1
2016,2,16,9,17,14,1,3,1
2016,2,3,21,14,29,3,0,0
2016,3,17,34,27,0,0,3,1
2016,3,2,22,33,18,1,5,1
2016,3,4,7,17,29,2,1,0
2016,3,9,8,34,27,0,1,1
2016,3,10,13,10,17,3,1,0
2016,3,15,5,30,24,3,1,1
2016,3,19,28,27,29,3,1,0
2016,3,29,16,10,22,3,0,0
2016,3,30,33,17,19,3,3,0
2016,3,26,25,37,18,2,1,1
2016,3,27,14,32,37,2,2,0
2016,3,11,24,26,22,2,3,1
2016,3,12,20,24,3,1,8,1
2016,3,21,23,34,3,0,2,1
2016,3,6,3,31,17,1,2,1
2016,3,18,1,32,45,2,0,0
2016,4,4,15,22,7,0,2,1
2016,4,30,11,30,27,0,1,1
2016,4,1,29,48,33,1,2,1
2016,4,3,8,17,14,0,2,1
2016,4,17,2,0,16,1,0,0
2016,4,20,26,17,27,3,0,0
2016,4,28,5,31,20,1,3,1
2016,4,33,13,27,28,1,1,0
2016,4,34,10,27,20,2,1,1
2016,4,27,7,7,27,3,0,0
2016,4,22,14,13,17,5,1,0
2016,4,24,18,34,35,3,2,0
2016,4,25,6,17,24,1,0,0
2016,4,23,12,43,14,0,2,1
2016,4,16,19,24,10,0,2,1
2016,5,25,22,21,33,3,0,0
2016,5,5,17,13,33,1,0,0
2016,5,8,21,24,23,1,2,1
2016,5,11,3,29,23,0,1,1
2016,5,15,10,17,30,2,0,0
2016,5,16,34,31,13,0,1,1
2016,5,23,20,31,13,1,0,1
2016,5,33,28,10,16,1,2,0
2016,5,7,1,16,23,1,1,0
2016,5,6,4,28,14,1,0,1
2016,5,13,24,34,31,1,4,1
2016,5,14,2,19,30,3,0,0
2016,5,9,19,23,16,2,1,1
2016,5,29,27,14,17,4,0,0
2016,6,24,7,21,13,2,2,1
2016,6,2,25,45,16,2,1,1
2016,6,3,30,16,17,0,2,0
2016,6,8,14,31,28,0,1,1
2016,6,10,5,28,26,1,0,1
2016,6,15,23,30,15,0,2,1
2016,6,17,4,35,17,0,0,1
2016,6,18,29,41,38,1,2,1
2016,6,19,33,27,23,3,0,1
2016,6,28,21,27,20,1,0,1
2016,6,13,12,10,26,2,0,0
2016,6,9,6,16,30,4,2,0
2016,6,26,1,26,24,0,2,1
2016,6,34,11,26,23,1,1,1
2016,6,22,20,28,3,0,2,1
2016,7,9,3,26,10,1,2,1
2016,7,14,19,10,17,4,1,0
2016,7,4,5,31,17,1,2,1
2016,7,8,28,20,17,0,2,1
2016,7,10,11,26,34,1,0,0
2016,7,12,18,27,21,0,2,1
2016,7,15,2,28,25,0,0,1
2016,7,20,33,24,16,2,3,1
2016,7,21,16,21,10,4,4,1
2016,7,30,13,16,33,3,0,0
2016,7,1,24,30,33,1,2,0
2016,7,25,27,17,34,3,1,0
2016,7,23,17,16,27,1,2,0
2016,7,22,26,6,6,0,0,0
2016,7,7,34,27,9,0,2,1
2016,8,10,30,36,22,0,1,1
2016,8,4,28,27,27,2,1,0
2016,8,2,17,25,41,0,0,0
2016,8,5,20,28,31,2,0,0
2016,8,11,12,14,30,2,0,0
2016,8,18,26,25,20,1,1,1
2016,8,27,13,24,30,0,1,0
2016,8,29,22,30,20,1,2,1
2016,8,34,8,20,13,1,0,1
2016,8,7,24,27,19,3,3,1
2016,8,1,9,33,32,0,0,1
2016,8,6,21,29,23,1,1,1
2016,8,3,16,20,10,0,0,1
2016,9,27,1,28,43,2,1,0
2016,9,5,6,10,35,0,0,0
2016,9,12,30,19,14,0,4,1
2016,9,15,20,27,23,0,2,1
2016,9,16,8,16,22,0,1,0
2016,9,19,21,28,23,2,2,1
2016,9,33,23,21,14,1,1,1
2016,9,14,29,10,13,1,0,0
2016,9,25,18,23,41,4,0,0
2016,9,9,11,26,31,1,2,0
2016,9,24,10,43,35,0,3,1
2016,9,13,7,30,20,0,2,1
2016,9,26,2,31,25,0,1,1
2016,10,33,5,28,7,2,3,1
2016,10,10,9,47,25,0,3,1
2016,10,18,7,23,25,4,2,0
2016,10,20,14,6,9,1,0,0
2016,10,21,1,24,15,1,1,1
2016,10,27,3,36,10,1,4,1
2016,10,28,16,26,20,1,1,1
2016,10,29,12,17,20,2,1,0
2016,10,30,34,21,24,2,0,0
2016,10,24,15,24,31,4,1,0
2016,10,22,25,23,20,4,1,1
2016,10,23,6,30,35,0,1,0
2016,10,17,26,24,31,2,0,0
2016,10,19,4,21,20,2,1,1
2016,11,29,18,23,20,0,2,1
2016,11,4,2,12,16,2,1,0
2016,11,5,23,9,24,2,0,0
2016,11,6,33,27,17,0,0,1
2016,11,8,30,26,19,2,3,1
2016,11,11,10,24,17,1,0,1
2016,11,12,27,17,19,2,1,0
2016,11,16,22,30,24,1,2,1
2016,11,19,3,22,16,0,1,1
2016,11,14,15,10,14,1,1,0
2016,11,25,17,17,30,0,0,0
2016,11,26,21,26,15,0,2,1
2016,11,28,9,42,24,0,2,1
2016,11,13,34,27,20,1,2,1
2016,12,8,16,16,13,0,1,1
2016,12,6,28,31,26,0,0,1
2016,12,11,23,7,28,2,0,0
2016,12,1,22,38,19,1,1,1
2016,12,2,30,28,21,0,0,1
2016,12,3,10,21,27,2,0,0
2016,12,5,19,13,27,3,1,0
2016,12,15,25,31,24,0,2,1
2016,12,18,14,49,21,1,2,1
2016,12,33,4,19,14,1,2,1
2016,12,34,24,13,21,4,1,0
2016,12,27,26,14,5,2,3,1
2016,12,13,29,35,32,2,2,1
2016,12,20,17,17,22,2,0,0
2016,12,7,12,27,30,1,0,0
2016,12,21,9,13,27,1,0,0
2016,13,16,6,15,17,1,2,0
2016,13,1,12,28,29,1,1,0
2016,13,3,25,26,6,1,0,1
2016,13,4,21,32,14,2,3,1
2016,13,9,34,21,13,1,1,1
2016,13,17,14,26,10,0,2,1
2016,13,18,8,13,28,3,0,0
2016,13,30,7,10,20,3,0,0
2016,13,33,15,38,6,2,3,1
2016,13,13,2,38,24,0,2,1
2016,13,22,28,31,23,0,2,1
2016,13,23,19,24,14,2,2,1
2016,13,24,27,21,28,2,1,0
2016,13,26,29,40,7,1,2,1
2016,13,20,11,10,41,3,1,0
2016,14,12,13,21,13,3,0,1
2016,14,2,23,20,27,1,3,0
2016,14,5,4,10,23,1,0,0
2016,14,8,3,20,17,2,0,1
2016,14,10,7,13,10,0,2,1
2016,14,11,34,17,22,3,1,0
2016,14,15,22,26,23,3,4,1
2016,14,21,28,22,27,2,1,0
2016,14,29,24,28,16,1,5,1
2016,14,30,16,16,25,0,1,0
2016,14,25,20,17,23,0,1,0
2016,14,9,26,38,10,0,6,1
2016,14,14,1,14,42,5,0,0
2016,14,27,18,16,11,0,3,1
2016,14,19,6,10,7,3,3,1
2016,14,17,33,30,23,3,1,1
2016,15,26,14,24,3,1,0,1
2016,15,20,15,13,34,4,1,0
2016,15,2,5,33,13,0,0,1
2016,15,3,9,27,30,4,0,0
2016,15,4,23,20,24,1,0,0
2016,15,12,10,17,19,1,3,0
2016,15,16,11,6,34,3,0,0
2016,15,19,8,17,6,0,2,1
2016,15,33,21,27,26,2,1,1
2016,15,34,30,21,20,2,1,1
2016,15,1,25,41,13,1,1,1
2016,15,22,18,41,48,2,1,0
2016,15,7,17,3,16,3,0,0
2016,15,24,13,16,19,2,2,0
2016,15,6,27,26,20,1,4,1
2016,15,28,29,15,26,3,0,0
2016,16,21,19,24,19,1,3,1
2016,16,2,15,31,34,0,1,0
2016,16,3,28,21,41,5,0,0
2016,16,5,24,20,17,0,1,1
2016,16,9,16,38,25,0,2,1
2016,16,17,20,41,3,0,4,1
2016,16,29,1,16,33,2,0,0
2016,16,30,10,38,17,1,1,1
2016,16,13,11,33,25,0,3,1
2016,16,14,25,21,22,2,2,0
2016,16,18,27,31,24,0,2,1
2016,16,26,22,31,34,1,1,0
2016,16,34,4,12,10,0,1,1
2016,16,23,33,31,27,2,1,1
2016,16,12,7,33,10,1,3,1
2016,16,6,8,42,21,0,2,1
2016,17,4,33,27,10,0,2,1
2016,17,10,34,24,17,1,1,1
2016,17,11,30,24,20,2,2,1
2016,17,15,17,14,35,2,0,0
2016,17,16,3,38,10,1,5,1
2016,17,20,2,30,10,0,3,1
2016,17,21,6,27,13,0,2,1
2016,17,23,5,27,24,1,4,1
2016,17,27,29,17,16,2,3,1
2016,17,1,18,38,32,0,1,1
2016,17,7,13,24,6,1,3,1
2016,17,14,22,6,44,3,2,0
2016,17,24,12,27,37,2,1,0
2016,17,25,26,23,25,2,0,0
2016,17,28,19,10,19,3,0,0
2016,17,8,9,24,31,1,0,0
2017,1,17,12,27,42,0,1,0
2017,1,2,20,21,12,1,2,1
2017,1,3,1,17,23,0,0,0
2017,1,4,33,0,20,5,1,0
2017,1,5,23,18,21,1,1,0
2017,1,8,22,35,23,1,4,1
2017,1,10,13,16,26,0,0,0
2017,1,28,21,17,30,4,2,0
2017,1,34,30,7,29,4,0,0
2017,1,14,11,46,9,1,3,1
2017,1,9,26,17,9,1,1,1
2017,1,25,29,3,23,2,2,0
2017,1,6,19,19,3,0,1,1
2017,1,16,18,29,19,0,0,1
2017,1,7,24,24,21,2,1,1
2017,2,4,34,9,13,1,0,0
2017,2,11,22,13,16,1,1,0
2017,2,12,21,27,20,0,2,1
2017,2,18,17,20,36,0,0,0
2017,2,23,16,26,9,0,1,1
2017,2,27,3,29,7,1,4,1
2017,2,29,2,9,3,0,0,1
2017,2,30,10,16,37,3,1,0
2017,2,33,5,24,10,2,5,1
2017,2,13,20,45,20,0,2,1
2017,2,24,15,17,19,0,0,0
2017,2,7,6,42,17,2,2,1
2017,2,14,28,20,27,2,0,0
2017,2,26,25,12,9,0,1,1
2017,2,1,9,34,23,0,2,1
2017,2,19,8,10,24,1,1,0
2017,3,25,14,39,41,2,2,0
2017,3,30,33,44,7,0,3,1
2017,3,2,7,26,16,0,2,1
2017,3,3,23,23,17,2,2,1
2017,3,8,1,26,30,0,3,0
2017,3,11,5,31,28,1,3,1
2017,3,16,27,34,17,0,3,1
2017,3,17,34,36,33,1,2,1
2017,3,20,15,20,6,1,2,1
2017,3,21,19,27,24,1,2,1
2017,3,29,18,13,34,3,0,0
2017,3,10,26,33,27,0,0,1
2017,3,9,4,27,24,1,1,1
2017,3,24,12,10,24,3,0,0
2017,3,28,13,27,10,2,3,1
2017,3,22,6,17,28,0,0,0
2017,4,9,3,35,14,0,4,1
2017,4,15,18,0,20,1,0,0
2017,4,1,2,17,23,3,0,0
2017,4,5,4,7,31,1,1,0
2017,4,6,14,30,35,2,0,0
2017,4,16,8,7,14,3,0,0
2017,4,17,29,30,33,0,2,0
2017,4,20,30,23,20,2,1,1
2017,4,33,23,9,26,3,1,0
2017,4,34,10,57,14,1,5,1
2017,4,22,25,18,15,1,1,1
2017,4,24,21,24,26,1,0,0
2017,4,27,19,25,23,0,0,1
2017,4,7,13,16,10,0,1,1
2017,4,26,11,46,18,2,2,1
2017,4,12,28,29,20,0,1,1
2017,5,27,17,14,19,0,2,0
2017,5,4,2,20,16,3,1,1
2017,5,5,20,14,17,3,1,0
2017,5,8,29,24,27,1,0,0
2017,5,11,25,26,23,1,0,1
2017,5,15,10,16,10,2,2,1
2017,5,19,24,22,27,2,1,0
2017,5,21,22,34,7,1,1,1
2017,5,23,30,9,30,5,1,0
2017,5,13,33,17,30,1,0,0
2017,5,14,26,10,16,5,2,0
2017,5,6,9,31,35,3,1,0
2017,5,34,12,34,42,1,0,0
2017,5,3,16,17,20,2,0,0
2017,6,29,21,23,28,3,1,0
2017,6,1,15,17,20,1,1,0
2017,6,16,9,23,10,2,3,1
2017,6,18,8,52,38,3,5,1
2017,6,20,17,17,24,3,2,0
2017,6,28,25,26,24,2,1,1
2017,6,33,3,24,27,3,2,0
2017,6,34,5,33,17,1,3,1
2017,6,22,27,38,33,2,2,1
2017,6,30,14,17,27,1,1,0
2017,6,12,23,13,19,0,1,0
2017,6,13,24,16,17,2,1,0
2017,6,7,19,10,23,3,0,0
2017,6,10,11,36,22,1,1,1
2017,7,13,12,31,30,0,0,1
2017,7,2,27,30,27,1,3,1
2017,7,3,29,17,3,0,3,1
2017,7,5,10,9,12,3,1,0
2017,7,9,18,17,26,1,2,0
2017,7,11,30,0,27,0,2,0
2017,7,14,22,33,0,1,2,1
2017,7,15,20,31,28,2,2,1
2017,7,16,33,24,16,1,0,1
2017,7,25,6,10,40,3,0,0
2017,7,19,26,7,24,1,1,0
2017,7,23,4,29,14,0,2,1
2017,7,24,7,21,0,0,3,1
2017,7,17,1,23,7,0,0,1
2017,7,21,28,34,24,1,1,1
2017,8,33,15,40,0,0,2,1
2017,8,5,16,16,33,2,1,0
2017,8,2,13,34,14,0,4,1
2017,8,4,11,24,23,2,1,1
2017,8,17,24,21,13,0,1,1
2017,8,18,3,20,12,2,1,1
2017,8,20,1,20,25,1,2,0
2017,8,21,25,33,10,1,2,1
2017,8,27,29,3,17,3,1,0
2017,8,26,34,41,38,1,3,1
2017,8,28,6,19,33,3,1,0
2017,8,8,23,15,20,1,2,0
2017,8,12,7,29,19,2,5,1
2017,9,20,2,34,21,0,3,1
2017,9,10,33,23,20,1,2,1
2017,9,18,27,30,10,2,1,1
2017,9,19,14,17,51,3,0,0
2017,9,21,7,51,23,1,2,1
2017,9,29,1,20,17,2,1,1
2017,9,30,4,23,7,1,0,1
2017,9,34,11,14,20,1,1,0
2017,9,25,22,10,20,2,2,0
2017,9,26,28,14,17,2,1,0
2017,9,6,12,28,17,0,1,1
2017,9,15,13,24,27,1,2,0
2017,9,9,8,17,30,0,1,0
2017,10,22,26,16,22,1,0,0
2017,10,2,18,10,47,1,1,0
2017,10,3,9,16,23,1,0,0
2017,10,8,5,38,24,1,2,1
2017,10,10,4,24,20,2,2,1
2017,10,11,23,17,20,1,1,0
2017,10,27,20,15,10,1,2,1
2017,10,28,16,30,38,1,2,0
2017,10,30,24,20,17,2,2,1
2017,10,14,34,33,7,0,4,1
2017,10,1,6,27,7,1,2,1
2017,10,25,19,31,21,2,1,1
2017,10,7,17,16,41,2,0,0
2017,10,29,15,45,21,0,1,1
2017,11,23,10,40,17,0,4,1
2017,11,3,8,24,27,1,1,0
2017,11,5,30,7,19,5,1,0
2017,11,9,33,0,23,5,1,0
2017,11,15,27,20,30,5,0,0
2017,11,16,14,24,7,0,1,1
2017,11,18,28,34,31,1,0,1
2017,11,19,12,12,9,1,3,1
2017,11,34,22,31,21,2,2,1
2017,11,24,2,54,24,0,6,1
2017,11,7,4,17,20,2,0,0
2017,11,13,17,8,33,2,0,0
2017,11,6,21,9,37,4,0,0
2017,11,26,1,31,34,2,1,0
2017,12,8,16,23,30,2,0,0
2017,12,6,24,6,28,2,0,0
2017,12,28,19,20,10,1,1,1
2017,12,1,27,34,20,1,0,1
2017,12,4,5,30,16,0,0,1
2017,12,11,10,16,20,1,2,0
2017,12,12,2,10,16,1,0,0
2017,12,17,15,35,17,2,3,1
2017,12,20,29,27,35,1,0,0
2017,12,21,3,31,3,3,2,1
2017,12,25,26,13,24,1,1,0
2017,12,13,7,21,14,1,1,1
2017,12,14,18,26,20,1,0,1
2017,12,22,30,27,24,2,3,1
2017,12,23,9,31,28,3,0,1
2017,12,33,34,23,16,0,3,1
2017,13,6,28,38,14,0,4,1
2017,13,1,16,9,14,0,0,0
2017,13,2,17,3,23,1,1,0
2017,13,3,25,14,15,0,1,0
2017,13,9,27,26,20,1,1,1
2017,13,10,34,24,13,1,1,1
2017,13,15,7,35,9,3,3,1
2017,13,20,12,38,31,0,0,1
2017,13,30,11,30,10,0,2,1
2017,13,33,8,44,20,0,3,1
2017,13,24,5,19,10,0,2,1
2017,13,13,19,24,17,1,2,1
2017,13,18,29,31,21,1,1,1
2017,13,22,14,16,32,2,1,0
2017,13,26,21,24,10,0,2,1
2017,13,4,23,20,23,0,1,0
2017,14,1,18,20,17,3,1,1
2017,14,2,11,13,7,2,0,1
2017,14,4,3,7,33,2,0,0
2017,14,5,9,21,27,2,0,0
2017,14,12,13,26,15,1,3,1
2017,14,19,6,10,30,2,0,0
2017,14,27,8,21,24,5,3,0
2017,14,29,16,31,24,1,3,1
2017,14,34,25,16,26,1,1,0
2017,14,7,20,23,0,0,2,1
2017,14,22,10,12,7,0,2,1
2017,14,24,28,30,13,1,1,1
2017,14,14,21,35,43,2,1,0
2017,14,30,26,30,24,1,3,1
2017,14,23,33,39,38,0,1,1
2017,14,15,17,27,20,0,2,1
2017,15,11,7,13,25,0,1,0
2017,15,8,3,20,10,1,3,1
2017,15,12,24,30,13,0,4,1
2017,15,2,15,24,16,0,3,1
2017,15,5,33,10,27,4,0,0
2017,15,16,4,34,7,1,2,1
2017,15,18,20,31,19,3,2,1
2017,15,19,21,29,34,1,0,0
2017,15,28,22,20,15,1,2,1
2017,15,29,9,31,24,0,4,1
2017,15,30,34,45,7,0,1,1
2017,15,26,14,7,42,2,1,0
2017,15,23,17,24,27,1,1,0
2017,15,25,10,25,23,0,1,1
2017,15,13,6,17,20,1,2,0
2017,15,27,1,21,24,1,0,0
2017,16,33,11,23,16,0,0,1
2017,16,9,16,0,16,2,0,0
2017,16,3,5,20,3,0,3,1
2017,16,4,8,26,17,1,1,1
2017,16,10,14,23,27,1,1,0
2017,16,12,15,29,13,0,2,1
2017,16,17,2,37,16,1,0,1
2017,16,18,1,23,13,1,2,1
2017,16,20,24,7,14,3,0,0
2017,16,28,7,27,11,2,3,1
2017,16,29,27,22,19,1,3,1
2017,16,25,30,44,33,1,3,1
2017,16,6,26,12,21,3,0,0
2017,16,22,19,23,0,2,3,1
2017,16,34,23,6,34,2,0,0
2017,16,21,13,19,10,2,5,1
2017,17,8,9,35,11,0,4,1
2017,17,11,34,22,13,0,1,1
2017,17,16,3,23,10,0,0,1
2017,17,17,20,26,6,0,0,1
2017,17,19,28,18,10,1,3,1
2017,17,21,6,0,6,2,1,0
2017,17,23,5,28,24,2,2,1
2017,17,1,29,22,10,0,3,1
2017,17,7,12,24,27,3,2,0
2017,17,10,30,15,10,1,4,1
2017,17,14,25,13,34,2,3,0
2017,17,15,2,16,22,1,0,0
2017,17,24,13,30,10,0,2,1
2017,17,26,22,24,26,0,1,0
2017,17,27,18,31,24,3,1,1
2017,17,33,4,27,31,1,1,0
2018,1,21,1,18,12,2,1,1
2018,1,5,23,21,21,1,6,0
2018,1,11,4,23,34,2,2,0
2018,1,15,10,27,20,2,3,1
2018,1,16,25,24,16,1,4,1
2018,1,17,34,27,20,3,2,1
2018,1,18,27,40,48,2,0,0
2018,1,19,30,15,20,2,1,0
2018,1,33,2,47,3,1,2,1
2018,1,24,12,28,38,2,0,0
2018,1,7,26,27,24,3,3,1
2018,1,22,28,6,24,2,1,0
2018,1,29,6,16,8,1,1,1
2018,1,9,3,24,23,2,1,1
2018,1,8,20,17,48,5,2,0
2018,1,13,14,13,33,3,0,0
2018,2,4,33,34,23,0,3,1
2018,2,1,29,31,24,1,1,1
2018,2,2,24,20,31,2,0,0
2018,2,9,16,29,29,0,1,0
2018,2,10,34,20,17,0,1,1
2018,2,18,5,21,18,2,1,1
2018,2,20,15,12,20,3,2,0
2018,2,23,12,37,42,0,1,0
2018,2,27,21,27,21,2,2,1
2018,2,28,11,9,21,1,2,0
2018,2,14,22,34,0,1,1,1
2018,2,25,8,30,27,0,1,1
2018,2,7,13,20,19,1,0,1
2018,2,30,17,31,20,2,1,1
2018,2,6,19,20,13,0,1,1
2018,2,3,26,24,17,2,2,1
2018,3,5,20,21,17,0,3,1
2018,3,1,18,37,43,0,0,0
2018,3,12,25,38,27,0,0,1
2018,3,15,13,28,20,0,2,1
2018,3,16,2,6,27,3,0,0
2018,3,21,11,20,16,2,0,1
2018,3,28,9,31,17,1,1,1
2018,3,29,4,31,21,0,4,1
2018,3,30,10,6,9,1,0,0
2018,3,33,7,27,14,0,1,1
2018,3,34,19,22,27,2,0,0
2018,3,14,24,35,23,2,2,1
2018,3,22,3,14,16,4,2,0
2018,3,26,6,24,13,0,3,1
2018,3,8,17,26,10,1,1,1
2018,3,27,23,27,30,4,1,0
2018,4,14,16,38,31,0,1,1
2018,4,1,4,36,37,0,1,0
2018,4,3,27,48,10,0,3,1
2018,4,6,8,26,24,0,0,1
2018,4,9,2,22,0,2,3,1
2018,4,10,21,26,23,1,1,1
2018,4,11,34,34,37,2,1,0
2018,4,17,15,38,7,2,2,1
2018,4,30,20,31,12,3,0,1
2018,4,13,5,45,42,2,4,1
2018,4,22,26,17,20,1,0,0
2018,4,19,18,18,33,2,0,0
2018,4,24,25,29,27,1,2,1
2018,4,23,33,14,26,2,1,0
2018,4,7,12,23,27,1,0,0
2018,5,17,11,38,24,2,3,1
2018,5,2,10,13,12,1,3,1
2018,5,4,15,27,17,1,3,1
2018,5,5,33,12,9,1,2,1
2018,5,8,9,31,23,0,3,1
2018,5,12,30,30,14,2,5,1
2018,5,20,7,34,16,2,1,1
2018,5,23,1,41,17,1,1,1
2018,5,29,19,33,31,2,3,1
2018,5,24,13,26,10,0,2,1
2018,5,21,16,21,23,2,1,0
2018,5,25,22,18,28,5,0,0
2018,5,26,14,31,33,0,2,0
2018,5,34,6,19,16,2,2,1
2018,5,18,28,43,19,1,2,1
2018,6,19,21,13,34,1,0,0
2018,6,1,27,34,29,0,2,1
2018,6,4,23,21,28,0,0,0
2018,6,5,24,14,38,2,1,0
2018,6,13,26,3,27,2,1,0
2018,6,15,3,31,28,3,3,1
2018,6,16,22,27,17,2,2,1
2018,6,20,11,42,34,2,4,1
2018,6,28,29,23,17,0,3,1
2018,6,34,2,20,13,3,3,1
2018,6,7,14,20,23,1,1,0
2018,6,6,30,40,7,0,2,1
2018,6,10,33,0,21,0,1,0
2018,6,17,12,43,40,1,2,1
2018,6,9,25,33,30,0,3,1
2018,7,22,7,10,45,5,1,0
2018,7,24,10,20,19,0,1,1
2018,7,3,17,31,38,2,3,0
2018,7,11,2,37,5,0,5,1
2018,7,15,8,21,32,0,0,0
2018,7,20,16,17,37,4,0,0
2018,7,21,29,17,21,1,0,0
2018,7,27,5,26,23,4,1,1
2018,7,30,34,7,20,3,0,0
2018,7,33,18,23,24,0,1,0
2018,7,25,14,10,39,4,0,0
2018,7,28,6,20,17,0,2,1
2018,7,12,4,45,10,1,1,1
2018,7,1,19,23,20,1,0,1
2018,8,34,15,42,23,0,1,1
2018,8,30,21,18,24,1,2,0
2018,8,3,20,24,10,0,0,1
2018,8,4,27,37,34,0,4,1
2018,8,8,26,14,28,3,0,0
2018,8,12,7,30,23,1,2,1
2018,8,19,28,13,20,2,1,0
2018,8,23,5,33,18,2,1,1
2018,8,29,33,36,21,0,3,1
2018,8,13,11,28,42,1,0,0
2018,8,14,9,29,27,0,1,1
2018,8,22,25,18,15,2,0,1
2018,8,16,18,20,30,2,1,0
2018,8,2,17,6,25,2,0,0
2018,9,25,13,34,3,0,0,1
2018,9,2,3,9,41,4,1,0
2018,9,5,12,21,37,1,1,0
2018,9,15,20,13,6,0,4,1
2018,9,16,8,24,9,2,1,1
2018,9,28,1,14,38,1,1,0
2018,9,29,27,42,28,0,2,1
2018,9,33,23,16,23,0,0,0
2018,9,7,34,17,19,1,0,0
2018,9,26,24,17,25,1,0,0
2018,9,18,14,45,35,1,1,1
2018,9,17,9,31,17,0,1,1
2018,9,6,10,14,28,2,2,0
2018,10,23,29,52,21,0,2,1
2018,10,3,8,34,22,0,3,1
2018,10,4,18,14,51,2,0,0
2018,10,5,1,28,16,1,2,1
2018,10,10,17,34,10,0,0,1
2018,10,11,30,29,26,1,1,1
2018,10,12,22,26,14,0,2,1
2018,10,20,2,10,41,2,0,0
2018,10,27,28,3,16,4,0,0
2018,10,13,24,6,20,1,1,0
2018,10,9,15,31,12,1,2,1
2018,10,14,26,36,31,0,1,1
2018,10,21,6,20,27,1,0,0
2018,10,25,19,23,27,2,0,0
2018,11,26,9,27,24,1,0,1
2018,11,1,6,19,22,1,0,0
2018,11,8,29,20,19,0,1,1
2018,11,11,10,38,10,0,2,1
2018,11,19,27,38,35,0,4,1
2018,11,28,34,21,23,2,3,0
2018,11,30,23,16,20,1,3,0
2018,11,33,4,24,21,1,0,1
2018,11,22,13,21,23,2,0,0
2018,11,24,7,22,23,2,0,0
2018,11,18,21,48,7,0,3,1
2018,11,3,16,25,20,3,3,1
2018,11,14,12,54,51,2,5,1
2018,12,8,3,16,23,2,1,0
2018,12,6,28,31,23,0,3,1
2018,12,18,1,31,17,1,4,1
2018,12,2,30,24,21,0,2,1
2018,12,4,5,20,35,2,0,0
2018,12,20,17,13,27,1,0,0
2018,12,21,19,25,22,0,1,1
2018,12,27,25,27,9,0,2,1
2018,12,29,26,27,30,1,0,0
2018,12,33,13,34,17,2,1,1
2018,12,24,22,45,10,1,1,1
2018,12,7,23,24,17,0,4,1
2018,12,11,15,27,24,3,1,1
2018,12,16,9,24,17,0,1,1
2018,12,34,10,34,17,0,1,1
2018,13,6,18,13,10,2,1,1
2018,13,1,33,16,26,1,1,0
2018,13,4,7,10,24,3,1,0
2018,13,8,14,16,30,2,2,0
2018,13,9,22,17,20,0,0,0
2018,13,15,2,21,17,1,3,1
2018,13,19,3,30,27,1,3,1
2018,13,27,29,24,17,1,4,1
2018,13,30,11,6,0,1,2,1
2018,13,34,5,29,13,0,4,1
2018,13,10,20,26,22,1,1,1
2018,13,13,12,33,40,3,1,0
2018,13,17,16,24,10,1,2,1
2018,13,26,25,43,16,0,3,1
2018,13,23,24,30,33,1,0,0
2018,13,21,28,28,13,1,1,1
2018,14,10,30,30,9,1,1,1
2018,14,2,20,23,27,3,2,0
2018,14,5,29,26,20,2,1,1
2018,14,9,1,34,20,0,2,1
2018,14,12,33,27,24,1,1,1
2018,14,15,17,34,33,0,0,1
2018,14,27,18,14,28,1,2,0
2018,14,28,19,16,40,3,1,0
2018,14,34,11,21,24,0,1,0
2018,14,24,4,26,21,0,0,1
2018,14,25,7,20,14,1,0,1
2018,14,6,21,29,23,3,1,1
2018,14,13,23,24,21,1,1,1
2018,14,22,8,3,17,1,1,0
2018,14,3,14,15,6,3,4,1
2018,14,26,16,21,7,1,1,1
2018,15,12,24,28,29,0,2,0
2018,15,20,34,22,29,1,0,0
2018,15,7,5,16,17,2,2,0
2018,15,1,22,40,14,0,3,1
2018,15,2,8,14,13,0,0,1
2018,15,3,9,24,17,1,1,1
2018,15,4,13,30,16,1,2,1
2018,15,11,6,23,0,1,1,1
2018,15,16,15,41,17,1,0,1
2018,15,19,10,0,17,2,0,0
2018,15,30,28,13,16,2,0,0
2018,15,33,27,20,12,2,1,1
2018,15,25,26,26,23,1,0,1
2018,15,23,17,17,10,2,1,1
2018,15,14,21,23,30,3,1,0
2018,15,29,18,9,12,2,2,0
2018,16,10,28,25,16,0,2,1
2018,16,24,33,10,22,3,1,0
2018,16,5,4,26,18,0,0,1
2018,16,6,27,27,20,0,2,1
2018,16,8,16,9,27,0,0,0
2018,16,11,19,28,27,1,1,1
2018,16,15,30,7,17,2,1,0
2018,16,17,2,24,12,3,3,1
2018,16,20,9,38,44,0,1,0
2018,16,21,34,32,30,3,1,1
2018,16,29,1,10,24,4,2,0
2018,16,22,14,9,31,0,1,0
2018,16,25,3,9,14,1,2,0
2018,16,18,23,31,28,1,2,1
2018,16,26,12,38,31,0,2,1
2018,16,13,7,27,14,0,2,1
2018,17,2,15,42,17,1,4,1
2018,17,9,8,0,31,1,0,0
2018,17,17,20,38,3,0,3,1
2018,17,18,29,14,33,1,0,0
2018,17,19,6,35,36,2,1,0
2018,17,27,1,32,34,1,1,0
2018,17,34,30,20,3,1,2,1
2018,17,7,24,9,23,4,4,0
2018,17,12,13,35,3,1,4,1
2018,17,14,25,48,32,0,4,1
2018,17,16,3,10,24,0,0,0
2018,17,23,4,16,13,1,0,1
2018,17,26,22,27,24,1,2,1
2018,17,28,21,0,24,1,1,0
2018,17,33,5,26,24,1,3,1
2018,17,10,11,17,33,3,2,0
2019,1,3,9,3,10,1,0,0
2019,1,5,10,13,43,3,0,0
2019,1,15,33,10,59,3,0,0
2019,1,16,1,28,12,0,3,1
2019,1,20,2,16,17,1,4,0
2019,1,21,28,32,27,0,0,1
2019,1,29,14,27,30,3,1,0
2019,1,30,12,26,40,2,0,0
2019,1,24,11,30,24,2,0,1
2019,1,26,4,21,20,1,3,1
2019,1,6,19,35,17,0,2,1
2019,1,22,8,27,27,1,2,0
2019,1,27,25,17,31,4,2,0
2019,1,17,23,33,3,0,1,1
2019,1,18,34,30,28,1,1,1
2019,1,13,7,24,16,0,0,1
2019,2,29,27,14,20,1,0,0
2019,2,4,25,17,41,1,1,0
2019,2,8,24,13,10,2,2,1
2019,2,9,16,21,16,2,4,1
2019,2,10,11,17,19,0,2,0
2019,2,15,17,0,43,4,1,0
2019,2,19,2,14,28,2,0,0
2019,2,23,26,26,28,1,2,0
2019,2,28,6,21,31,0,1,0
2019,2,33,22,23,17,0,0,1
2019,2,34,30,13,12,0,1,1
2019,2,13,12,10,28,2,1,0
2019,2,7,3,14,16,1,0,0
2019,2,14,18,27,9,1,1,1
2019,2,1,21,24,20,3,3,1
2019,2,20,5,3,23,1,1,0
2019,3,30,10,20,7,0,1,1
2019,3,2,4,21,17,2,4,1
2019,3,6,15,31,6,1,1,1
2019,3,9,7,27,16,0,3,1
2019,3,11,1,27,24,0,1,1
2019,3,12,33,33,28,0,0,1
2019,3,16,13,34,14,0,1,1
2019,3,17,20,30,14,2,1,1
2019,3,21,8,24,27,2,0,0
2019,3,22,29,20,38,2,1,0
2019,3,27,19,31,32,1,2,0
2019,3,24,34,20,27,1,1,0
2019,3,25,23,24,20,5,2,1
2019,3,26,18,27,33,1,1,0
2019,3,5,14,13,20,1,3,0
2019,3,28,3,15,31,5,1,0
2019,4,9,21,27,34,2,0,0
2019,4,1,10,10,24,1,0,0
2019,4,2,17,10,16,4,1,0
2019,4,8,12,30,34,2,3,0
2019,4,11,13,24,31,2,1,0
2019,4,15,24,10,30,1,0,0
2019,4,19,28,24,3,4,4,1
2019,4,33,5,25,40,3,1,0
2019,4,34,29,10,16,2,3,0
2019,4,14,27,40,55,4,1,0
2019,4,22,26,10,27,1,0,0
2019,4,3,16,16,6,0,2,1
2019,4,7,30,24,26,1,0,0
2019,4,18,6,12,10,1,3,1
2019,4,23,4,27,3,1,2,1
2019,5,26,14,30,29,1,2,1
2019,5,4,22,23,26,0,0,0
2019,5,10,2,7,14,0,1,0
2019,5,13,3,24,21,2,2,1
2019,5,18,27,31,24,1,0,1
2019,5,19,16,10,28,1,1,0
2019,5,21,20,31,6,1,3,1
2019,5,23,33,23,26,2,3,0
2019,5,28,17,7,33,2,1,0
2019,5,29,30,34,27,0,3,1
2019,5,34,1,53,32,1,1,1
2019,5,24,7,13,20,3,2,0
2019,5,6,9,24,34,3,0,0
2019,5,12,11,13,19,1,1,0
2019,5,25,5,31,3,0,4,1
2019,6,17,19,35,14,2,4,1
2019,6,27,29,26,37,7,1,0
2019,6,5,26,28,32,4,1,0
2019,6,12,34,24,31,2,3,0
2019,6,15,28,16,17,2,0,0
2019,6,16,21,38,20,2,3,1
2019,6,30,18,6,13,1,0,0
2019,6,33,4,23,17,1,1,1
2019,6,14,25,7,20,1,2,0
2019,6,22,1,34,33,0,0,1
2019,6,7,10,16,0,1,3,1
2019,6,20,6,24,22,1,0,1
2019,6,24,23,17,24,3,1,0
2019,6,9,8,23,22,3,0,1
2019,7,7,12,6,30,1,0,0
2019,7,1,14,10,37,3,0,0
2019,7,2,15,31,21,0,2,1
2019,7,4,30,17,27,4,0,0
2019,7,8,16,30,42,1,0,0
2019,7,9,13,42,24,0,2,1
2019,7,11,34,30,23,1,2,1
2019,7,19,22,21,27,3,0,0
2019,7,28,25,0,9,1,1,0
2019,7,10,24,23,20,1,1,1
2019,7,3,18,25,36,2,0,0
2019,7,26,33,16,30,2,0,0
2019,7,6,21,37,10,1,4,1
2019,7,20,17,0,33,6,1,0
2019,8,16,28,19,9,1,2,1
2019,8,1,26,20,27,3,0,0
2019,8,2,21,13,31,1,1,0
2019,8,3,24,16,17,2,1,0
2019,8,8,19,31,26,2,1,1
2019,8,10,27,27,23,1,4,1
2019,8,11,7,15,13,1,0,1
2019,8,14,4,24,10,0,0,1
2019,8,18,22,31,9,1,0,1
2019,8,30,20,29,15,1,3,1
2019,8,25,29,51,13,1,3,1
2019,8,17,5,27,13,0,3,1
2019,8,34,13,27,24,0,0,1
2019,8,12,9,24,31,1,0,0
2019,8,23,15,27,14,1,4,1
2019,9,22,25,25,28,0,0,0
2019,9,30,34,3,26,4,1,0
2019,9,2,28,24,9,0,0,1
2019,9,12,16,26,23,1,0,1
2019,9,15,20,26,18,0,1,1
2019,9,21,3,22,14,0,1,1
2019,9,23,11,26,24,2,3,1
2019,9,29,10,30,20,1,3,1
2019,9,13,8,31,24,0,2,1
2019,9,26,27,40,34,1,1,1
2019,9,7,5,24,19,1,0,1
2019,9,24,9,26,11,0,0,1
2019,9,33,17,37,20,2,2,1
2019,9,19,6,18,37,3,2,0
2019,10,13,24,26,24,0,3,1
2019,10,3,8,20,13,0,1,1
2019,10,4,33,13,49,3,1,0
2019,10,5,2,19,16,0,0,1
2019,10,10,12,35,32,1,1,1
2019,10,18,1,9,26,0,1,0
2019,10,20,19,34,27,0,2,1
2019,10,27,22,30,27,3,2,1
2019,10,11,15,12,16,3,2,0
2019,10,9,29,24,16,0,2,1
2019,10,23,14,17,12,2,4,1
2019,10,6,16,24,28,1,0,0
2019,10,25,26,24,27,3,4,0
2019,11,5,23,21,7,0,4,1
2019,11,8,6,27,35,0,1,0
2019,11,11,30,33,13,2,1,1
2019,11,15,2,20,37,1,0,0
2019,11,16,7,27,23,2,1,1
2019,11,27,18,17,34,4,0,0
2019,11,28,20,17,34,1,2,0
2019,11,29,1,3,29,4,0,0
2019,11,33,34,41,7,0,2,1
2019,11,25,22,36,26,2,2,1
2019,11,13,4,17,10,2,2,1
2019,11,21,17,10,17,1,0,0
2019,11,14,3,17,7,2,1,1
2019,11,24,12,17,24,4,1,0
2019,12,34,11,20,17,1,0,1
2019,12,1,27,22,35,2,2,0
2019,12,2,7,20,3,1,1,1
2019,12,3,19,19,14,2,1,1
2019,12,4,23,10,16,2,1,0
2019,12,5,15,41,24,1,2,1
2019,12,18,29,34,31,1,1,1
2019,12,20,13,34,3,1,2,1
2019,12,21,26,9,17,5,2,0
2019,12,28,8,19,16,2,4,1
2019,12,10,30,42,20,2,1,1
2019,12,17,6,13,9,0,1,1
2019,12,25,9,37,8,0,1,1
2019,12,14,33,6,45,2,0,0
2019,13,8,3,20,24,1,1,0
2019,13,6,2,15,26,2,0,0
2019,13,1,18,18,26,3,0,0
2019,13,4,20,22,6,0,0,1
2019,13,11,10,17,31,3,2,0
2019,13,15,21,37,31,1,1,1
2019,13,19,9,13,31,3,0,0
2019,13,23,5,20,13,1,2,1
2019,13,29,28,21,29,2,0,0
2019,13,30,27,11,28,4,1,0
2019,13,33,25,20,17,1,1,1
2019,13,22,14,7,34,1,0,0
2019,13,7,24,23,20,1,2,1
2019,13,12,13,40,9,0,3,1
2019,13,34,17,28,22,0,1,1
2019,13,26,16,37,30,2,3,1
2019,14,3,6,31,24,2,0,1
2019,14,1,29,40,20,0,4,1
2019,14,2,33,17,24,1,1,0
2019,14,5,4,27,19,2,1,1
2019,14,9,28,20,15,1,1,1
2019,14,16,8,20,7,0,2,1
2019,14,18,25,46,48,1,1,0
2019,14,20,15,22,21,1,1,1
2019,14,27,11,38,35,4,1,1
2019,14,34,7,24,38,3,1,0
2019,14,30,24,10,45,0,0,0
2019,14,13,10,21,42,1,1,0
2019,14,17,12,16,23,1,2,0
2019,14,22,23,17,23,3,2,0
2019,14,14,26,28,12,2,1,1
2019,14,21,19,23,17,1,0,1
2019,15,33,20,42,21,0,2,1
2019,15,4,17,13,34,5,0,0
2019,15,8,27,17,38,3,1,0
2019,15,9,3,21,13,0,3,1
2019,15,10,34,21,24,1,2,0
2019,15,12,7,23,3,1,1,1
2019,15,19,15,36,20,3,1,1
2019,15,28,21,27,37,1,1,0
2019,15,29,26,24,30,3,1,0
2019,15,13,30,16,20,0,0,0
2019,15,22,5,38,24,1,2,1
2019,15,24,16,10,39,7,1,0
2019,15,6,14,44,21,0,1,1
2019,15,25,1,22,29,2,1,0
2019,15,23,2,10,17,5,2,0
2019,15,18,11,34,7,0,0,1
2019,16,27,34,20,23,5,2,0
2019,16,17,2,24,17,1,0,1
2019,16,25,14,34,31,2,1,1
2019,16,1,30,24,12,2,1,1
2019,16,5,33,15,31,1,1,0
2019,16,10,18,28,38,1,0,0
2019,16,11,29,38,6,0,3,1
2019,16,15,4,38,35,1,1,1
2019,16,20,23,16,10,1,2,1
2019,16,28,19,35,41,0,0,0
2019,16,7,8,27,17,0,0,1
2019,16,24,13,17,24,0,0,0
2019,16,21,6,17,9,0,1,1
2019,16,26,22,13,27,1,0,0
2019,16,3,12,3,26,0,0,0
2019,16,16,9,10,23,1,3,0
2019,17,2,20,6,13,3,1,0
2019,17,4,5,33,23,1,3,1
2019,17,8,9,20,23,1,1,0
2019,17,12,24,31,21,1,2,1
2019,17,16,3,19,21,3,1,0
2019,17,17,15,24,27,2,0,0
2019,17,27,1,22,28,3,1,0
2019,17,29,18,10,42,3,0,0
2019,17,6,28,47,16,1,2,1
2019,17,7,13,16,15,1,1,1
2019,17,14,22,31,24,0,5,1
2019,17,19,21,17,34,2,0,0
2019,17,30,11,38,20,1,2,1
2019,17,33,23,28,10,2,2,1
2019,17,34,10,14,35,1,0,0
2019,17,26,25,21,26,0,0,0
2020,1,12,34,34,20,0,1,1
2020,1,1,26,25,38,2,0,0
2020,1,2,20,27,17,2,2,1
2020,1,8,3,23,27,1,0,0
2020,1,16,9,34,43,1,0,0
2020,1,17,15,21,11,1,3,1
2020,1,28,21,27,17,0,3,1
2020,1,29,13,30,34,0,0,0
2020,1,30,11,27,20,0,2,1
2020,1,33,5,38,6,1,3,1
2020,1,4,24,13,16,2,0,0
2020,1,18,27,34,23,0,3,1
2020,1,25,22,20,24,0,1,0
2020,1,14,6,20,17,1,0,1
2020,1,19,23,16,26,2,1,0
2020,1,7,10,14,16,1,0,0
2020,2,5,4,35,30,1,1,1
2020,2,3,19,17,13,2,2,1
2020,2,6,1,40,39,3,0,1
2020,2,9,8,42,21,0,1,1
2020,2,10,30,33,30,0,2,1
2020,2,11,16,28,11,1,3,1
2020,2,15,2,28,31,0,1,0
2020,2,20,25,13,31,0,1,0
2020,2,21,14,19,37,3,1,0
2020,2,23,7,26,21,2,2,1
2020,2,27,29,31,17,2,4,1
2020,2,22,28,30,15,1,2,1
2020,2,24,12,20,23,1,0,0
2020,2,34,33,16,33,2,0,0
2020,2,26,17,35,30,1,1,1
2020,2,13,18,34,24,1,1,1
2020,3,30,15,13,31,2,0,0
2020,3,1,3,26,30,1,2,0
2020,3,2,14,35,32,2,2,1
2020,3,5,28,34,20,0,5,1
2020,3,16,10,30,31,3,1,0
2020,3,17,13,36,20,1,3,1
2020,3,19,25,9,36,3,0,0
2020,3,21,4,23,23,2,0,0
2020,3,23,34,28,21,0,1,1
2020,3,11,20,36,7,0,3,1
2020,3,24,29,16,21,4,0,0
2020,3,7,27,10,28,2,0,0
2020,3,22,8,23,26,3,0,0
2020,3,26,6,38,31,1,3,1
2020,3,18,9,30,37,1,0,0
2020,3,33,12,20,34,1,1,0
2020,4,20,7,28,37,0,3,0
2020,4,4,30,33,25,1,1,1
2020,4,6,5,38,49,3,0,0
2020,4,8,18,29,35,1,1,0
2020,4,15,26,23,31,2,1,0
2020,4,27,24,38,31,1,2,1
2020,4,28,33,17,31,1,2,0
2020,4,29,22,31,21,1,1,1
2020,4,34,16,23,31,1,0,0
2020,4,14,19,17,9,1,1,1
2020,4,3,11,11,19,1,0,0
2020,4,13,2,23,30,2,0,0
2020,4,25,21,20,25,3,1,0
2020,4,12,17,26,10,1,4,1
2020,4,9,1,30,16,0,0,1
2020,5,3,27,20,19,1,1,1
2020,5,1,29,16,23,1,0,0
2020,5,12,13,32,40,1,1,0
2020,5,20,22,10,30,0,1,0
2020,5,23,21,38,29,1,2,1
2020,5,28,14,10,30,0,1,0
2020,5,33,4,27,3,1,3,1
2020,5,34,30,30,14,2,2,1
2020,5,25,15,17,43,3,0,0
2020,5,5,11,32,23,2,2,1
2020,5,6,19,37,34,2,1,1
2020,5,26,16,27,26,1,2,1
2020,5,18,24,30,27,1,0,1
2020,5,10,2,42,16,0,3,1
2020,6,10,34,42,36,2,0,1
2020,6,11,4,31,27,2,1,1
2020,6,16,1,23,40,3,1,0
2020,6,17,7,12,18,3,2,0
2020,6,19,28,20,19,1,2,1
2020,6,21,33,28,30,1,0,0
2020,6,23,5,38,7,0,2,1
2020,6,29,3,16,23,3,1,0
2020,6,30,8,16,34,2,1,0
2020,6,15,20,24,0,2,1,1
2020,6,27,9,38,10,0,2,1
2020,6,25,14,24,16,0,1,1
2020,6,2,12,17,26,1,1,0
2020,6,6,22,10,38,4,0,0
2020,7,21,19,22,21,1,3,1
2020,7,1,8,22,23,1,0,0
2020,7,4,5,34,37,2,1,0
2020,7,10,23,24,27,0,3,0
2020,7,18,29,27,24,1,0,1
2020,7,20,2,10,18,2,1,0
2020,7,28,6,25,3,0,1,1
2020,7,34,9,20,35,1,0,0
2020,7,13,27,20,45,1,0,0
2020,7,7,12,16,43,4,1,0
2020,7,17,25,6,33,4,2,0
2020,7,24,30,39,29,0,1,1
2020,7,22,26,37,34,2,3,1
2020,7,14,3,24,10,1,2,1
2020,8,29,1,17,25,1,1,0
2020,8,2,17,24,21,1,1,1
2020,8,4,10,31,20,0,1,1
2020,8,5,13,6,16,1,0,0
2020,8,8,11,21,41,2,0,0
2020,8,9,16,22,28,1,0,0
2020,8,12,20,35,9,0,1,1
2020,8,15,14,28,17,2,4,1
2020,8,33,23,24,28,4,1,0
2020,8,7,24,31,30,1,2,1
2020,8,3,18,23,26,1,0,0
2020,8,26,25,37,27,0,2,1
2020,8,21,6,23,9,4,2,1
2020,8,19,27,23,25,2,1,0
2020,9,25,9,17,34,2,0,0
2020,9,1,7,34,27,1,1,1
2020,9,2,26,44,34,0,4,1
2020,9,10,3,24,17,0,2,1
2020,9,11,33,10,24,2,1,0
2020,9,12,29,33,31,1,0,1
2020,9,16,8,34,20,0,3,1
2020,9,28,19,20,23,5,0,0
2020,9,30,34,25,27,1,1,0
2020,9,24,13,26,31,1,1,0
2020,9,6,23,19,24,2,0,0
2020,9,22,15,31,34,1,0,0
2020,9,27,18,3,38,3,2,0
2020,9,20,17,27,30,1,0,0
2020,10,10,11,17,34,0,0,0
2020,10,5,34,10,7,0,0,1
2020,10,8,28,30,27,0,1,1
2020,10,9,30,24,20,2,1,1
2020,10,19,21,27,17,0,0,1
2020,10,29,27,23,46,1,1,0
2020,10,13,7,37,12,0,5,1
2020,10,15,24,29,21,1,1,1
2020,10,22,2,32,30,2,2,1
2020,10,14,26,23,16,1,3,1
2020,10,18,25,27,13,2,4,1
2020,10,23,4,36,10,0,2,1
2020,10,17,33,23,17,0,1,1
2020,10,3,16,13,19,2,2,0
2020,11,26,22,28,21,0,0,1
2020,11,5,21,22,17,1,3,1
2020,11,18,1,24,9,1,2,1
2020,11,28,4,20,9,1,2,1
2020,11,29,8,20,0,2,1,1
2020,11,30,23,3,27,4,1,0
2020,11,33,10,24,30,1,1,0
2020,11,34,17,27,20,0,0,1
2020,11,7,15,20,13,2,1,1
2020,11,24,20,34,28,1,1,1
2020,11,11,9,34,31,2,4,1
2020,11,16,6,28,31,2,1,0
2020,11,13,12,31,35,1,1,0
2020,11,27,14,24,27,2,2,0
2020,12,8,34,25,41,3,1,0
2020,12,6,28,16,41,2,1,0
2020,12,1,13,43,6,1,5,1
2020,12,2,24,27,17,3,1,1
2020,12,4,19,17,19,3,1,0
2020,12,11,10,26,45,1,0,0
2020,12,16,29,28,27,3,1,1
2020,12,17,22,20,17,2,1,1
2020,12,20,15,3,20,2,2,0
2020,12,30,5,25,27,0,1,0
2020,12,7,18,3,31,3,1,0
2020,12,14,25,20,23,4,3,0
2020,12,27,12,24,27,2,1,0
2020,12,9,3,41,25,0,3,1
2020,12,21,26,17,23,1,0,0
2020,12,23,33,19,14,2,2,1
2020,13,1,18,16,21,1,1,0
2020,13,3,8,30,34,1,1,0
2020,13,10,5,35,41,3,1,0
2020,13,15,4,19,7,1,2,1
2020,13,16,30,27,24,2,4,1
2020,13,20,13,28,31,3,2,0
2020,13,34,11,20,26,2,0,0
2020,13,22,14,28,38,2,1,0
2020,13,26,19,12,17,2,1,0
2020,13,9,21,30,16,0,1,1
2020,13,24,17,0,45,2,0,0
2020,13,12,7,22,16,0,2,1
2020,13,23,28,17,23,1,0,0
2020,13,25,2,24,34,2,1,0
2020,13,33,6,34,17,1,1,1
2020,14,14,17,24,3,1,1,1
2020,14,3,34,36,7,0,2,1
2020,14,4,6,7,30,3,0,0
2020,14,15,12,27,33,1,4,0
2020,14,19,22,7,26,3,0,0
2020,14,27,16,26,14,0,1,1
2020,14,29,7,27,32,0,1,0
2020,14,30,10,10,31,1,1,0
2020,14,13,11,27,44,3,0,0
2020,14,26,20,40,3,1,1,1
2020,14,8,9,24,31,0,0,0
2020,14,21,18,24,21,1,2,1
2020,14,24,1,20,17,1,3,1
2020,14,25,28,15,23,3,1,0
2020,14,2,23,26,15,2,2,1
2020,14,5,33,42,47,1,0,0
2020,15,13,24,27,30,1,0,0
2020,15,7,2,19,48,1,1,0
2020,15,9,29,24,16,0,1,1
2020,15,1,27,27,31,0,0,0
2020,15,6,25,41,33,0,4,1
2020,15,10,8,46,25,0,3,1
2020,15,11,34,27,20,0,2,1
2020,15,15,17,22,12,1,1,1
2020,15,16,3,27,33,1,1,0
2020,15,28,26,15,20,2,1,0
2020,15,33,30,40,14,1,1,1
2020,15,14,20,20,23,1,0,0
2020,15,22,21,33,26,3,0,1
2020,15,18,12,29,32,1,1,0
2020,15,19,5,6,20,0,0,0
2020,15,4,23,27,17,0,3,1
2020,16,18,16,52,33,2,0,1
2020,16,8,27,7,47,2,0,0
2020,16,22,25,12,20,2,1,0
2020,16,13,15,25,26,1,0,0
2020,16,12,1,17,14,2,1,1
2020,16,20,5,23,16,0,2,1
2020,16,23,11,28,24,0,2,1
2020,16,30,3,17,41,2,1,0
2020,16,33,19,27,13,1,0,1
2020,16,34,4,31,37,1,0,0
2020,16,24,7,19,16,0,2,1
2020,16,28,29,13,20,4,2,0
2020,16,6,21,37,17,1,3,1
2020,16,26,14,20,9,0,1,1
2020,16,9,10,40,14,1,2,1
2020,16,17,2,9,38,0,0,0
2020,17,2,15,56,26,2,4,1
2020,17,4,33,3,38,2,1,0
2020,17,5,23,24,22,0,1,1
2020,17,8,16,35,37,2,0,0
2020,17,17,20,28,14,0,2,1
2020,17,19,6,23,19,2,1,1
2020,17,27,1,44,27,1,2,1
2020,17,3,9,16,35,2,1,0
2020,17,7,13,31,32,0,4,0
2020,17,11,30,28,14,1,1,1
2020,17,12,24,21,38,1,0,0
2020,17,14,22,18,7,2,1,1
2020,17,25,26,23,26,1,0,0
2020,17,29,18,7,33,5,0,0
2020,17,34,10,38,41,1,1,0
2020,17,21,28,14,20,3,2,0
2021,1,27,6,31,29,4,1,1
2021,1,1,21,6,32,0,0,0
2021,1,2,23,16,23,1,0,0
2021,1,4,16,27,24,0,1,1
2021,1,8,25,33,41,1,2,0
2021,1,10,22,13,38,3,1,0
2021,1,11,26,16,28,1,1,0
2021,1,28,24,16,20,1,2,0
2021,1,29,20,19,14,1,1,1
2021,1,34,30,37,21,0,3,1
2021,1,12,5,33,29,0,2,1
2021,1,17,15,16,17,2,1,0
2021,1,18,9,38,3,0,3,1
2021,1,19,7,13,27,1,1,0
2021,1,14,3,34,14,0,2,1
2021,1,13,33,33,27,1,2,1
2021,2,28,19,30,29,1,0,1
2021,2,3,4,20,17,1,4,1
2021,2,5,34,31,21,2,2,1
2021,2,11,14,24,27,2,2,0
2021,2,15,2,0,35,3,2,0
2021,2,20,17,6,25,4,0,0
2021,2,21,25,11,17,0,0,0
2021,2,23,13,17,26,1,0,0
2021,2,29,18,26,7,1,2,1
2021,2,30,7,13,23,2,0,0
2021,2,22,16,34,33,2,0,1
2021,2,27,1,48,25,1,3,1
2021,2,24,6,17,20,2,1,0
2021,2,26,10,30,33,0,1,0
2021,2,33,12,36,35,2,2,1
2021,2,9,8,35,17,0,2,1
2021,3,34,29,9,24,0,0,0
2021,3,2,28,43,21,0,3,1
2021,3,5,3,26,6,0,0,1
2021,3,8,33,17,19,0,1,0
2021,3,10,11,25,16,3,0,1
2021,3,12,24,24,30,4,0,0
2021,3,17,18,13,28,3,0,0
2021,3,19,1,14,17,1,1,0
2021,3,23,4,10,24,2,1,0
2021,3,30,22,19,31,4,1,0
2021,3,7,20,26,0,1,2,1
2021,3,13,15,31,28,1,0,1
2021,3,14,27,34,24,0,0,1
2021,3,16,26,30,17,0,0,1
2021,3,25,9,28,30,2,0,0
2021,3,6,21,41,21,1,2,1
2021,4,4,30,24,21,0,0,1
2021,4,1,28,30,34,0,0,0
2021,4,2,34,40,0,1,5,1
2021,4,3,8,24,14,1,2,1
2021,4,6,29,36,28,0,2,1
2021,4,15,11,17,27,2,1,0
2021,4,16,5,7,14,1,0,0
2021,4,18,19,21,27,1,1,0
2021,4,20,10,27,24,1,0,1
2021,4,21,12,30,42,0,1,0
2021,4,14,22,20,37,2,0,0
2021,4,25,26,21,28,2,0,0
2021,4,7,33,7,23,1,0,0
2021,4,9,23,27,17,1,2,1
2021,4,17,27,17,19,2,0,0
2021,4,24,13,28,14,0,1,1
2021,6,21,27,22,28,1,1,0
2021,6,30,15,23,20,1,1,1
2021,6,3,9,14,24,1,0,0
2021,6,8,4,11,34,1,1,0
2021,6,11,34,31,3,0,3,1
2021,6,19,14,11,38,4,2,0
2021,6,28,12,13,31,2,3,0
2021,6,29,16,28,34,3,1,0
2021,6,33,24,34,6,2,1,1
2021,6,5,22,14,37,3,0,0
2021,6,7,13,24,34,4,0,0
2021,6,17,6,29,35,2,2,0
2021,6,23,26,23,20,1,1,1
2021,6,10,2,34,31,1,1,1
2021,7,5,7,17,14,0,1,1
2021,7,9,28,24,10,1,2,1
2021,7,10,12,27,3,1,3,1
2021,7,15,1,28,30,2,2,0
2021,7,17,20,54,13,0,3,1
2021,7,19,29,25,3,0,1,1
2021,7,33,4,17,41,0,1,0
2021,7,13,21,33,22,1,2,1
2021,7,14,8,28,19,0,2,1
2021,7,22,34,31,5,1,1,1
2021,7,27,3,38,3,1,5,1
2021,7,25,11,18,30,4,2,0
2021,7,26,18,10,13,0,1,0
2021,8,22,9,21,24,3,0,0
2021,8,1,29,13,19,2,1,0
2021,8,2,15,26,11,0,2,1
2021,8,3,25,22,33,1,0,0
2021,8,5,23,10,15,1,0,0
2021,8,8,21,6,44,1,0,0
2021,8,11,10,31,34,3,2,0
2021,8,20,4,34,31,3,1,1
2021,8,34,14,22,38,1,0,0
2021,8,24,17,24,27,2,1,0
2021,8,26,30,31,7,0,1,1
2021,8,7,28,17,10,1,2,1
2021,8,18,27,36,27,0,3,1
2021,8,16,6,16,20,0,2,0
2021,8,12,19,20,17,2,1,1
2021,9,11,20,45,30,0,2,1
2021,9,4,5,16,41,3,0,0
2021,9,6,7,16,30,2,0,0
2021,9,15,34,17,9,5,4,1
2021,9,18,1,25,27,1,0,0
2021,9,19,13,23,16,1,3,1
2021,9,29,17,6,24,3,2,0
2021,9,30,2,9,6,1,3,1
2021,9,33,16,34,31,2,0,1
2021,9,21,24,24,27,0,0,0
2021,9,12,9,13,7,0,2,1
2021,9,25,22,17,31,3,0,0
2021,9,14,10,16,28,2,1,0
2021,9,23,3,29,27,1,2,1
2021,10,15,33,22,10,0,2,1
2021,10,6,1,43,3,1,3,1
2021,10,10,18,23,21,0,1,1
2021,10,11,30,23,17,0,1,1
2021,10,17,5,45,7,0,1,1
2021,10,20,2,17,45,5,2,0
2021,10,23,8,16,16,3,0,0
2021,10,28,27,29,19,1,2,1
2021,10,22,29,10,34,2,2,0
2021,10,24,16,20,27,1,1,0
2021,10,7,21,13,30,1,1,0
2021,10,9,26,17,0,1,2,1
2021,10,13,12,14,41,2,1,0
2021,10,25,14,31,10,0,2,1
2021,11,1,17,0,25,4,1,0
2021,11,2,11,15,41,4,0,0
2021,11,3,33,13,16,1,1,0
2021,11,5,8,13,10,2,2,1
2021,11,10,34,13,22,5,0,0
2021,11,16,9,34,31,0,0,1
2021,11,20,15,17,24,1,1,0
2021,11,21,18,40,29,1,3,1
2021,11,29,28,21,27,0,1,0
2021,11,30,25,10,30,2,0,0
2021,11,13,4,13,32,2,1,0
2021,11,12,6,19,9,2,3,1
2021,11,26,22,13,23,0,0,0
2021,11,24,23,41,37,1,0,1
2021,11,27,19,30,10,1,3,1
2021,12,8,3,14,16,1,1,0
2021,12,6,13,33,36,0,0,0
2021,12,18,2,6,31,1,2,0
2021,12,4,23,41,10,1,3,1
2021,12,11,27,31,38,5,2,0
2021,12,15,29,33,10,1,3,1
2021,12,17,10,36,13,0,4,1
2021,12,19,21,13,7,0,4,1
2021,12,30,1,14,21,2,1,0
2021,12,34,20,14,21,1,1,0
2021,12,7,24,28,13,1,2,1
2021,12,9,14,36,28,1,3,1
2021,12,25,16,34,26,1,2,1
2021,12,33,5,16,10,4,2,1
2021,12,28,26,17,15,1,1,1
2021,13,18,6,17,27,4,1,0
2021,13,1,27,17,30,1,1,0
2021,13,3,22,22,33,4,0,0
2021,13,4,24,22,41,4,3,0
2021,13,8,16,29,27,2,1,1
2021,13,15,19,20,9,0,1,1
2021,13,20,21,18,33,1,0,0
2021,13,34,11,0,31,2,1,0
2021,13,13,28,15,17,0,1,0
2021,13,14,30,37,7,0,2,1
2021,13,23,33,20,19,0,1,1
2021,13,26,25,30,23,3,3,1
2021,13,12,7,22,9,1,3,1
2021,13,2,17,10,14,1,1,0
2021,14,16,23,36,28,2,1,1
2021,14,5,33,24,22,1,2,1
2021,14,10,30,20,0,0,4,1
2021,14,12,13,48,9,0,5,1
2021,14,20,18,9,30,0,0,0
2021,14,28,6,20,27,4,2,0
2021,14,29,1,21,29,3,1,0
2021,14,34,26,13,33,0,0,0
2021,14,7,8,38,10,0,2,1
2021,14,24,19,37,21,0,2,1
2021,14,4,25,23,26,2,0,0
2021,14,27,2,33,27,0,1,1
2021,14,9,3,45,30,0,3,1
2021,14,22,14,23,30,2,0,0
2021,15,24,12,28,34,2,2,0
2021,15,11,17,27,17,1,2,1
2021,15,2,29,31,14,1,1,1
2021,15,8,22,30,12,1,1,1
2021,15,15,20,31,24,3,1,1
2021,15,19,6,6,21,4,1,0
2021,15,23,10,19,13,0,4,1
2021,15,30,34,16,30,0,1,0
2021,15,7,4,10,15,1,0,0
2021,15,25,1,31,13,1,1,1
2021,15,33,9,30,31,0,0,0
2021,15,27,18,0,9,2,0,0
2021,15,5,13,14,16,0,2,0
2021,15,3,16,9,17,3,1,0
2021,15,14,26,20,10,1,1,1
2021,15,21,28,27,17,2,0,1
2021,16,10,25,20,17,0,2,1
2021,16,9,5,24,22,0,4,1
2021,16,22,11,16,22,0,0,0
2021,16,1,8,20,16,1,1,1
2021,16,4,33,41,21,0,1,1
2021,16,16,14,23,30,1,3,0
2021,16,17,2,21,33,2,0,0
2021,16,20,30,26,21,0,1,1
2021,16,21,19,34,10,0,2,1
2021,16,29,27,6,32,1,0,0
2021,16,34,24,41,29,0,3,1
2021,16,26,3,24,25,0,0,0
2021,16,12,23,36,10,0,3,1
2021,16,13,7,17,13,3,0,1
2021,16,6,28,56,14,0,2,1
2021,16,18,15,3,20,2,1,0
2021,17,2,1,29,15,3,1,1
2021,17,3,19,29,3,2,4,1
2021,17,4,12,34,31,0,0,1
2021,17,10,15,34,3,0,2,1
2021,17,11,13,20,23,0,2,0
2021,17,17,30,50,10,0,3,1
2021,17,20,27,24,28,1,1,0
2021,17,28,21,16,20,1,0,0
2021,17,33,14,19,20,2,3,0
2021,17,24,7,34,13,0,1,1
2021,17,25,34,23,7,1,1,1
2021,17,6,22,22,25,1,0,0
2021,17,18,29,18,10,0,2,1
2021,17,26,8,51,29,0,3,1
2021,17,9,16,37,10,0,0,1
2021,17,23,5,26,14,1,2,1
2021,18,7,12,24,28,1,0,0
2021,18,21,6,26,51,1,0,0
2021,18,5,4,21,16,2,0,1
2021,18,8,9,37,30,0,3,1
2021,18,16,3,31,17,0,2,1
2021,18,19,28,7,22,3,0,0
2021,18,30,11,26,11,0,2,1
2021,18,33,23,13,16,3,1,0
2021,18,34,10,25,28,0,0,0
2021,18,1,18,20,30,3,0,0
2021,18,2,20,27,10,0,0,1
2021,18,14,25,24,27,2,2,0
2021,18,15,17,33,24,0,3,1
2021,18,22,26,30,38,1,2,0
2021,18,27,29,41,17,0,2,1
2021,18,13,24,35,32,0,2,1
2022,1,14,2,10,31,3,4,0
2022,1,1,18,26,27,2,1,0
2022,1,3,25,19,10,1,2,1
2022,1,4,23,20,23,5,0,0
2022,1,8,21,35,38,1,0,0
2022,1,15,17,20,7,0,3,1
2022,1,20,33,9,24,2,1,0
2022,1,28,30,28,22,3,1,1
2022,1,29,5,24,26,1,0,0
2022,1,34,11,20,20,1,2,0
2022,1,10,19,20,21,1,2,0
2022,1,16,9,23,7,0,2,1
2022,1,22,12,21,44,0,1,0
2022,1,24,13,24,19,0,3,1
2022,1,6,27,3,19,1,1,0
2022,1,26,7,17,16,1,2,1
2022,2,12,24,27,24,0,1,1
2022,2,5,20,30,31,1,1,0
2022,2,8,28,36,27,0,1,1
2022,2,18,27,10,20,5,1,0
2022,2,19,29,19,16,0,2,1
2022,2,23,17,14,17,2,1,0
2022,2,30,11,24,0,0,3,1
2022,2,33,15,38,42,0,2,0
2022,2,14,1,31,27,3,3,1
2022,2,25,26,27,7,0,3,1
2022,2,6,4,20,17,1,0,1
2022,2,7,34,16,9,1,0,1
2022,2,13,22,23,29,1,1,0
2022,2,9,3,27,10,1,1,1
2022,2,2,10,41,7,0,4,1
2022,2,21,16,24,7,1,3,1
2022,3,5,23,29,17,0,1,1
2022,3,3,34,23,20,2,2,1
2022,3,10,13,24,22,1,1,1
2022,3,11,12,20,17,1,2,1
2022,3,15,2,21,19,0,1,1
2022,3,16,8,28,24,1,1,1
2022,3,17,33,26,37,4,2,0
2022,3,20,4,12,27,4,1,0
2022,3,28,21,8,24,1,0,0
2022,3,29,18,22,14,0,3,1
2022,3,24,30,10,38,2,0,0
2022,3,22,14,12,20,0,1,0
2022,3,26,1,23,27,1,2,0
2022,3,27,9,12,14,2,2,0
2022,3,7,25,11,10,0,3,1
2022,3,19,6,16,23,1,0,0
2022,4,4,15,27,15,0,2,1
2022,4,18,16,25,28,2,1,0
2022,4,1,5,23,20,1,2,1
2022,4,6,28,25,10,0,2,1
2022,4,8,26,45,48,2,1,0
2022,4,11,10,17,24,3,0,0
2022,4,19,3,20,12,2,3,1
2022,4,21,30,29,21,1,5,1
2022,4,23,20,20,24,4,2,0
2022,4,33,2,20,23,2,2,0
2022,4,34,24,24,34,2,1,0
2022,4,29,22,16,26,3,1,0
2022,4,9,17,27,24,2,1,1
2022,4,13,7,32,23,0,1,1
2022,4,27,12,31,41,2,1,0
2022,4,25,14,24,9,0,2,1
2022,5,7,11,9,12,2,2,0
2022,5,9,19,22,27,0,0,0
2022,5,2,23,38,3,2,2,1
2022,5,5,24,28,30,1,0,0
2022,5,16,3,29,22,1,1,1
2022,5,17,8,29,0,1,2,1
2022,5,18,26,39,32,2,1,1
2022,5,20,15,40,17,0,2,1
2022,5,27,1,21,15,0,0,1
2022,5,28,10,17,21,1,0,0
2022,5,30,34,6,13,2,0,0
2022,5,29,25,15,37,1,1,0
2022,5,14,6,10,22,3,0,0
2022,5,22,21,17,20,1,0,0
2022,5,33,4,19,17,1,1,1
2022,5,12,13,30,29,0,0,1
2022,6,3,28,7,12,2,0,0
2022,6,1,25,28,14,0,3,1
2022,6,5,17,15,38,4,1,0
2022,6,9,20,10,27,1,0,0
2022,6,11,30,34,27,0,1,1
2022,6,15,16,16,24,3,0,0
2022,6,18,4,26,30,0,1,0
2022,6,19,33,24,20,1,2,1
2022,6,23,27,20,18,0,0,1
2022,6,14,29,24,10,1,1,1
2022,6,26,22,19,9,1,2,1
2022,6,12,2,20,24,2,1,0
2022,6,21,6,26,17,0,3,1
2022,6,24,7,19,16,1,1,1
2022,7,22,18,42,34,0,3,1
2022,7,4,1,35,17,0,0,1
2022,7,6,8,24,6,1,5,1
2022,7,10,11,19,10,1,3,1
2022,7,28,9,23,21,1,1,1
2022,7,29,27,21,3,0,0,1
2022,7,30,19,17,23,1,0,0
2022,7,33,5,23,20,1,2,1
2022,7,7,20,9,16,1,0,0
2022,7,13,34,38,20,0,1,1
2022,7,24,26,23,37,2,2,0
2022,7,25,12,23,44,3,2,0
2022,7,15,23,16,10,0,3,1
2022,7,17,3,14,33,4,1,0
2022,8,27,33,22,27,1,0,0
2022,8,30,7,17,21,2,1,0
2022,8,1,29,37,34,2,1,1
2022,8,6,3,49,29,1,1,1
2022,8,8,15,27,31,0,1,0
2022,8,16,22,34,26,1,3,1
2022,8,18,13,24,0,0,1,1
2022,8,20,17,17,22,3,1,0
2022,8,21,23,35,13,0,2,1
2022,8,34,10,10,17,1,2,0
2022,8,11,28,16,17,2,1,0
2022,8,14,25,14,31,0,0,0
2022,8,26,19,27,13,1,2,1
2022,8,2,9,27,17,2,1,1
2022,8,5,4,32,13,2,2,1
2022,9,34,21,17,29,2,1,0
2022,9,1,24,17,20,2,2,0
2022,9,3,15,32,35,0,0,0
2022,9,4,29,42,21,0,3,1
2022,9,8,9,15,9,1,3,1
2022,9,17,11,26,3,1,1,1
2022,9,20,2,20,17,1,2,1
2022,9,28,16,17,20,1,1,0
2022,9,30,13,27,20,1,1,1
2022,9,22,26,21,31,1,1,0
2022,9,27,14,16,13,0,0,1
2022,9,12,10,20,17,1,0,1
2022,9,18,33,13,27,1,0,0
2022,10,29,1,25,15,0,1,1
2022,10,27,26,21,16,2,1,1
2022,10,2,16,30,33,4,2,0
2022,10,3,8,30,31,1,0,0
2022,10,10,7,17,10,1,1,1
2022,10,12,30,27,17,3,0,1
2022,10,15,5,39,17,0,1,1
2022,10,19,34,24,16,0,2,1
2022,10,23,18,20,10,0,2,1
2022,10,13,11,20,25,0,1,0
2022,10,9,6,31,28,2,2,1
2022,10,14,22,17,27,2,0,0
2022,10,25,24,22,16,1,1,1
2022,10,21,28,21,32,4,2,0
2022,11,9,10,17,27,0,1,0
2022,11,1,3,27,24,2,1,1
2022,11,2,5,31,23,0,1,1
2022,11,11,21,16,17,1,2,0
2022,11,17,20,10,3,0,0,1
2022,11,18,14,27,20,0,0,1
2022,11,19,8,18,31,3,0,0
2022,11,33,29,13,3,1,3,1
2022,11,34,28,10,23,2,0,0
2022,11,7,13,16,22,0,0,0
2022,11,16,6,3,40,1,0,0
2022,11,23,4,30,37,0,2,0
2022,11,24,12,27,30,2,1,0
2022,11,22,25,10,38,2,0,0
2022,12,8,2,25,28,2,1,0
2022,12,6,19,28,20,2,0,1
2022,12,16,17,33,26,1,0,1
2022,12,5,27,23,17,1,0,1
2022,12,10,4,16,20,0,0,0
2022,12,15,34,30,15,1,3,1
2022,12,20,3,31,10,0,1,1
2022,12,28,1,19,13,1,1,1
2022,12,29,7,23,10,1,2,1
2022,12,30,33,28,27,1,2,1
2022,12,22,24,24,25,2,0,0
2022,12,26,13,34,40,2,2,0
2022,12,12,14,26,10,2,2,1
2022,12,25,18,13,0,0,2,1
2022,12,21,9,40,33,1,2,1
2022,12,11,23,17,24,2,0,0
2022,13,17,2,10,24,0,1,0
2022,13,1,23,16,19,1,0,0
2022,13,3,9,19,28,3,0,0
2022,13,8,30,40,14,0,1,1
2022,13,16,20,27,22,0,2,1
2022,13,19,28,20,20,1,1,0
2022,13,21,10,35,10,0,0,1
2022,13,33,7,10,9,2,0,1
2022,13,34,5,14,27,4,2,0
2022,13,14,26,23,27,2,2,0
2022,13,25,15,33,17,1,4,1
2022,13,4,12,27,24,0,1,1
2022,13,13,24,27,20,2,1,1
2022,13,6,11,54,19,1,5,1
2022,13,27,18,17,16,2,0,1
2022,14,14,13,17,16,1,2,1
2022,14,2,20,20,12,0,2,1
2022,14,4,5,23,10,1,1,1
2022,14,6,34,27,23,3,2,1
2022,14,8,16,34,23,0,2,1
2022,14,10,30,22,36,4,0,0
2022,14,19,21,22,48,1,0,0
2022,14,23,33,14,16,3,0,0
2022,14,7,12,28,34,2,3,0
2022,14,25,27,35,7,1,3,1
2022,14,26,29,24,30,2,0,0
2022,14,24,15,23,17,0,0,1
2022,14,22,17,13,27,2,1,0
2022,15,26,25,13,21,1,0,0
2022,15,16,11,39,36,3,1,1
2022,15,5,33,13,3,0,2,1
2022,15,2,15,32,29,1,0,1
2022,15,3,21,20,25,1,3,0
2022,15,18,1,21,18,1,1,1
2022,15,20,8,17,20,1,0,0
2022,15,29,23,16,24,0,0,0
2022,15,30,6,40,34,3,2,1
2022,15,34,12,24,30,1,2,0
2022,15,7,22,24,15,2,3,1
2022,15,13,17,30,24,1,1,1
2022,15,24,10,17,14,2,1,1
2022,15,27,4,23,34,4,1,0
2022,15,28,19,12,20,2,0,0
2022,15,9,14,24,12,2,1,1
2022,16,20,30,3,19,2,1,0
2022,16,3,2,13,35,2,3,0
2022,16,5,18,10,17,1,1,0
2022,16,12,26,24,10,0,1,1
2022,16,16,19,27,24,0,2,1
2022,16,17,4,18,22,1,3,0
2022,16,29,8,37,23,0,1,1
2022,16,33,1,17,9,0,1,1
2022,16,10,34,14,19,3,1,0
2022,16,25,28,37,20,1,2,1
2022,16,6,21,40,34,1,4,1
2022,16,23,13,13,10,1,3,1
2022,16,15,9,20,26,4,1,0
2022,16,14,7,51,14,0,4,1
2022,16,22,27,16,19,3,2,0
2022,16,11,24,3,20,3,2,0
2022,17,10,6,13,27,2,3,0
2022,17,1,22,20,19,1,0,1
2022,17,8,3,41,10,0,2,1
2022,17,12,7,27,24,2,2,1
2022,17,17,15,23,21,0,2,1
2022,17,19,11,38,10,1,1,1
2022,17,21,18,10,20,1,1,0
2022,17,27,29,30,24,1,3,1
2022,17,28,5,10,24,3,0,0
2022,17,34,30,3,31,1,2,0
2022,17,13,25,34,37,2,1,0
2022,17,26,20,23,6,0,3,1
2022,17,9,16,41,17,0,4,1
2022,17,24,14,31,10,0,1,1
2022,17,33,23,13,16,1,0,0
2022,18,13,12,13,31,2,0,0
2022,18,30,10,20,16,1,2,1
2022,18,1,27,30,17,1,1,1
2022,18,2,17,35,23,3,3,1
2022,18,3,16,13,29,2,2,0
2022,18,4,33,27,16,1,4,1
2022,18,11,34,31,32,3,3,0
2022,18,15,20,11,6,0,0,1
2022,18,18,29,7,10,1,2,0
2022,18,23,5,28,14,1,2,1
2022,18,7,24,31,28,2,2,1
2022,18,21,19,22,16,1,0,1
2022,18,25,22,38,13,0,4,1
2022,18,26,14,19,16,2,1,1
2022,18,28,6,26,6,1,2,1
2022,18,9,8,16,20,2,0,0
2023,1,12,8,20,21,1,1,0
2023,1,1,29,24,10,0,3,1
2023,1,5,4,24,3,2,0,1
2023,1,11,30,21,31,3,2,0
2023,1,16,27,17,20,3,0,0
2023,1,18,10,16,15,2,3,1
2023,1,23,25,7,30,2,1,0
2023,1,28,22,20,16,3,2,1
2023,1,33,34,25,9,2,1,1
2023,1,3,9,20,38,2,0,0
2023,1,7,13,16,17,0,1,0
2023,1,17,21,20,25,2,1,0
2023,1,24,15,34,36,0,2,0
2023,1,26,14,13,30,0,0,0
2023,1,19,6,0,40,3,0,0
2023,1,20,2,22,16,1,4,1
2023,2,21,16,34,28,1,4,1
2023,2,1,9,25,24,1,0,1
2023,2,2,13,38,10,0,3,1
2023,2,4,33,24,27,1,0,0
2023,2,8,26,31,37,3,0,0
2023,2,10,24,27,24,0,0,1
2023,2,27,3,27,17,0,2,1
2023,2,30,12,9,17,1,3,0
2023,2,34,11,20,31,1,0,0
2023,2,14,25,23,30,2,0,0
2023,2,22,19,28,31,0,1,0
2023,2,6,20,30,10,0,4,1
2023,2,7,28,33,35,2,0,0
2023,2,17,15,17,24,2,1,0
2023,2,29,18,17,20,1,1,0
2023,2,23,5,26,22,2,4,1
2023,3,25,19,30,12,0,1,1
2023,3,5,10,27,3,1,0,1
2023,3,8,1,20,6,1,1,1
2023,3,9,18,18,17,1,0,1
2023,3,15,7,70,20,0,3,1
2023,3,16,24,24,28,2,1,0
2023,3,20,17,10,15,0,0,0
2023,3,28,2,3,37,5,1,0
2023,3,30,34,17,37,2,0,0
2023,3,33,11,19,22,2,0,0
2023,3,26,29,37,27,1,0,1
2023,3,12,3,41,10,2,2,1
2023,3,22,6,28,16,0,1,1
2023,3,13,23,18,23,3,0,0
2023,3,27,21,11,25,2,2,0
2023,3,4,14,19,16,1,2,1
2023,4,9,8,20,34,2,1,0
2023,4,30,1,23,7,0,3,1
2023,4,2,15,48,20,0,2,1
2023,4,3,7,28,31,2,0,0
2023,4,5,33,3,28,3,1,0
2023,4,10,4,27,3,1,1,1
2023,4,11,14,23,29,1,1,0
2023,4,18,27,9,26,3,1,0
2023,4,21,28,34,31,0,0,1
2023,4,29,16,13,21,1,2,0
2023,4,34,23,30,6,0,1,1
2023,4,24,13,24,17,1,3,1
2023,4,6,17,38,3,0,3,1
2023,4,25,22,35,16,0,0,1
2023,4,20,12,20,23,1,2,0
2023,4,19,26,3,24,3,0,0
2023,5,28,3,20,40,2,0,0
2023,5,2,30,20,25,2,2,0
2023,5,1,34,21,19,2,0,1
2023,5,8,29,42,24,0,3,1
2023,5,11,10,23,16,0,0,1
2023,5,15,19,31,16,3,0,1
2023,5,17,18,0,34,3,0,0
2023,5,23,33,17,10,1,3,1
2023,5,14,21,14,23,0,1,0
2023,5,22,4,20,34,3,1,0
2023,5,7,20,21,31,3,2,0
2023,5,16,12,20,27,1,0,0
2023,5,25,6,42,10,1,4,1
2023,5,13,9,17,13,1,3,1
2023,6,12,7,19,8,1,3,1
2023,6,10,33,16,24,2,1,0
2023,6,1,28,16,24,3,0,0
2023,6,3,16,13,19,3,1,0
2023,6,4,26,17,13,1,2,1
2023,6,5,25,19,17,2,1,1
2023,6,15,29,42,21,1,0,1
2023,6,30,11,37,20,1,4,1
2023,6,34,18,20,13,1,2,1
2023,6,13,17,21,17,1,1,1
2023,6,14,22,26,9,1,2,1
2023,6,20,21,20,14,0,4,1
2023,6,27,8,6,20,1,0,0
2023,6,2,19,14,9,2,0,1
2023,6,24,6,17,20,1,1,0
2023,7,18,30,24,31,1,2,0
2023,7,3,13,30,12,0,3,1
2023,7,11,5,38,39,4,2,0
2023,7,17,2,29,25,1,2,1
2023,7,19,28,14,7,2,1,1
2023,7,27,1,13,16,2,3,0
2023,7,33,8,38,6,1,1,1
2023,7,14,23,17,24,1,0,0
2023,7,26,22,20,10,3,0,1
2023,7,7,9,19,17,0,1,1
2023,7,12,24,31,17,2,2,1
2023,7,21,15,31,17,2,1,1
2023,7,16,25,22,17,1,3,1
2023,8,2,27,24,18,1,0,1
2023,8,6,14,43,20,1,1,1
2023,8,9,16,10,24,1,1,0
2023,8,10,1,28,23,1,1,1
2023,8,11,18,27,38,1,1,0
2023,8,15,17,31,17,2,1,1
2023,8,19,20,10,13,0,2,0
2023,8,23,30,10,20,2,3,0
2023,8,28,21,31,38,1,2,0
2023,8,29,34,15,13,0,1,1
2023,8,26,5,24,20,2,3,1
2023,8,7,12,24,9,1,5,1
2023,8,22,33,24,31,2,0,0
2023,8,25,4,17,31,3,1,0
2023,8,24,3,30,13,1,2,1
2023,8,8,13,26,14,3,1,1
2023,9,23,10,20,16,0,1,1
2023,9,12,15,21,14,1,1,1
2023,9,1,16,28,31,2,2,0
2023,9,5,22,27,0,0,3,1
2023,9,9,14,20,3,2,2,1
2023,9,17,28,17,20,1,2,0
2023,9,18,3,24,17,0,5,1
2023,9,33,26,37,3,2,2,1
2023,9,34,27,39,37,1,1,1
2023,9,29,11,13,27,3,1,0
2023,9,13,19,30,6,0,2,1
2023,9,21,6,28,23,0,1,1
2023,9,4,2,24,18,0,2,1
2023,9,20,24,6,27,3,0,0
2023,10,3,29,16,13,0,0,1
2023,10,17,11,6,10,2,1,0
2023,10,4,34,27,30,2,3,0
2023,10,16,18,27,19,0,2,1
2023,10,23,9,23,19,0,2,1
2023,10,27,10,20,6,1,1,1
2023,10,30,25,3,34,4,0,0
2023,10,33,5,31,33,2,2,0
2023,10,22,1,25,23,1,0,1
2023,10,24,8,38,41,1,0,0
2023,10,6,19,49,17,2,1,1
2023,10,26,28,29,26,0,1,1
2023,10,13,20,16,12,2,1,1
2023,10,2,7,22,24,4,1,0
2023,11,33,4,34,20,0,0,1
2023,11,5,23,13,10,1,0,1
2023,11,8,3,31,26,4,1,1
2023,11,9,24,23,20,0,1,1
2023,11,15,13,20,13,3,3,1
2023,11,28,19,19,31,6,0,0
2023,11,29,6,10,33,2,0,0
2023,11,30,10,34,14,0,2,1
2023,11,34,22,21,16,3,2,1
2023,11,25,27,27,14,0,2,1
2023,11,2,20,32,6,1,4,1
2023,11,14,26,17,16,1,1,1
2023,11,7,16,21,20,0,3,1
2023,11,12,21,17,21,2,1,0
2023,12,8,9,22,29,3,0,0
2023,12,6,28,45,10,0,1,1
2023,12,26,25,13,31,2,1,0
2023,12,20,15,13,34,2,3,0
2023,12,1,18,24,15,2,2,1
2023,12,4,23,10,16,1,1,0
2023,12,10,29,17,10,0,1,1
2023,12,11,27,27,20,1,2,1
2023,12,19,17,10,7,1,3,1
2023,12,34,30,21,24,0,1,0
2023,12,7,5,29,12,1,3,1
2023,12,22,14,14,37,0,1,0
2023,12,13,12,17,31,0,0,0
2023,12,21,2,37,34,2,1,1
2023,12,24,33,10,20,4,0,0
2023,12,16,3,10,12,4,2,0
2023,13,6,26,41,35,0,1,1
2023,13,10,11,28,31,2,2,0
2023,13,17,24,0,6,1,0,0
2023,13,18,8,28,33,2,0,0
2023,13,20,1,8,13,3,0,0
2023,13,23,22,10,24,1,0,0
2023,13,28,15,15,45,1,0,0
2023,13,34,7,22,17,0,3,1
2023,13,27,29,21,18,1,1,1
2023,13,14,5,36,19,0,1,1
2023,13,21,25,19,42,0,0,0
2023,13,9,12,27,19,0,1,1
2023,13,30,4,31,34,0,1,0
2023,14,23,17,18,21,1,1,0
2023,14,1,27,25,29,1,0,0
2023,14,3,8,28,13,0,3,1
2023,14,4,11,34,14,1,2,1
2023,14,5,30,31,27,3,4,1
2023,14,18,29,28,6,1,2,1
2023,14,20,34,30,6,1,0,1
2023,14,33,14,37,31,1,0,1
2023,14,13,16,0,3,3,0,0
2023,14,25,26,28,16,2,2,1
2023,14,12,2,17,20,2,1,0
2023,14,24,7,7,24,2,1,0
2023,14,6,21,33,13,1,3,1
2023,14,15,10,27,28,1,3,0
2023,14,19,9,24,22,2,3,1
2023,15,13,24,63,21,0,5,1
2023,15,4,16,27,24,1,2,1
2023,15,11,23,30,13,0,3,1
2023,15,8,7,42,17,0,1,1
2023,15,5,3,20,17,3,3,1
2023,15,9,27,20,34,1,1,0
2023,15,10,34,16,19,1,1,0
2023,15,15,20,30,0,0,4,1
2023,15,17,12,17,27,1,2,0
2023,15,18,19,24,6,0,0,1
2023,15,29,1,9,7,0,2,1
2023,15,14,28,28,20,2,1,1
2023,15,22,25,29,45,2,0,0
2023,15,2,6,31,10,0,1,1
2023,15,30,33,7,23,2,1,0
2023,15,26,21,20,17,0,2,1
2023,16,14,18,30,22,0,1,1
2023,16,23,4,34,11,0,3,1
2023,16,24,2,22,24,0,3,0
2023,16,1,11,29,10,0,1,1
2023,16,10,26,17,20,0,0,0
2023,16,16,8,24,30,4,1,0
2023,16,20,28,30,28,2,3,1
2023,16,29,9,30,33,0,0,0
2023,16,34,5,22,36,2,2,0
2023,16,27,30,30,12,0,4,1
2023,16,3,22,27,16,1,0,1
2023,16,15,6,22,20,0,1,1
2023,16,7,17,23,26,2,1,0
2023,16,12,13,14,20,2,0,0
2023,16,21,19,33,25,2,1,1
2023,16,25,33,19,33,5,0,0
2023,17,5,20,37,20,3,2,1
2023,17,6,8,20,19,2,2,1
2023,17,2,17,27,21,1,4,1
2023,17,3,1,37,17,0,4,1
2023,17,11,13,23,20,0,0,1
2023,17,19,14,25,26,1,3,0
2023,17,21,22,31,35,1,1,0
2023,17,27,18,13,23,4,0,0
2023,17,28,25,10,27,2,0,0
2023,17,30,29,26,0,0,1,1
2023,17,33,15,56,19,1,3,1
2023,17,34,10,26,3,0,1,1
2023,17,26,23,23,30,1,0,0
2023,17,7,24,16,9,0,1,1
2023,17,12,4,25,17,1,0,1
2023,17,16,9,10,33,2,1,0
2023,18,33,23,10,17,2,2,0
2023,18,11,34,19,23,1,0,0
2023,18,4,5,31,14,1,2,1
2023,18,8,16,30,20,0,2,1
2023,18,10,30,28,20,1,2,1
2023,18,17,20,3,17,2,1,0
2023,18,18,1,48,17,0,3,1
2023,18,29,27,0,9,2,0,0
2023,18,9,3,17,9,1,0,1
2023,18,13,7,27,14,0,1,1
2023,18,19,21,27,10,1,4,1
2023,18,22,26,20,21,0,0,0
2023,18,24,12,12,13,1,1,0
2023,18,25,14,20,21,1,1,0
2023,18,28,6,10,38,3,1,0
2023,18,15,2,14,21,2,3,0
2024,1,12,33,27,20,1,1,1
2024,1,21,9,34,29,3,1,1
2024,1,1,23,10,18,3,0,0
2024,1,2,22,34,28,1,1,1
2024,1,3,10,24,17,1,3,1
2024,1,4,17,10,16,2,0,0
2024,1,11,34,27,29,1,0,0
2024,1,15,30,20,17,0,1,1
2024,1,18,29,47,10,1,3,1
2024,1,19,16,6,28,2,2,0
2024,1,24,13,22,10,0,3,1
2024,1,26,7,26,20,2,3,1
2024,1,5,6,17,33,2,0,0
2024,1,27,28,37,20,0,0,1
2024,1,8,14,26,20,1,1,1
2024,1,25,20,32,19,0,2,1
2024,2,15,2,10,31,3,0,0
2024,2,6,18,19,44,2,1,0
2024,2,8,27,16,20,2,1,0
2024,2,9,11,16,10,1,3,1
2024,2,10,20,17,24,2,0,0
2024,2,16,25,23,17,2,2,1
2024,2,17,26,20,23,0,0,0
2024,2,28,19,21,18,0,1,1
2024,2,29,24,3,26,1,2,0
2024,2,30,5,13,18,0,0,0
2024,2,33,13,23,26,1,1,0
2024,2,22,14,41,10,1,1,1
2024,2,7,23,6,13,2,0,0
2024,2,12,4,26,25,3,1,1
2024,2,34,3,19,13,1,2,1
2024,2,21,1,21,22,1,0,0
2024,3,20,17,24,3,0,1,1
2024,3,5,19,15,21,2,2,0
2024,3,10,9,14,30,3,0,0
2024,3,11,3,21,16,2,3,1
2024,3,16,34,34,7,0,2,1
2024,3,18,21,12,15,1,2,0
2024,3,23,24,20,10,1,0,1
2024,3,27,7,7,26,2,1,0
2024,3,13,29,22,36,1,0,0
2024,3,26,15,24,3,2,0,1
2024,3,6,33,25,28,1,0,0
2024,3,14,25,27,24,0,1,1
2024,3,22,8,13,20,1,1,0
2024,3,1,12,17,22,1,1,0
2024,3,2,30,47,10,0,2,1
2024,3,4,28,33,38,0,0,0
2024,4,19,6,15,20,1,0,0
2024,4,1,18,26,24,1,2,1
2024,4,3,14,24,18,0,2,1
2024,4,9,16,29,31,4,3,0
2024,4,11,23,27,24,0,2,1
2024,4,20,7,9,10,1,1,0
2024,4,27,21,33,16,0,2,1
2024,4,29,4,24,34,1,1,0
2024,4,34,30,24,20,1,0,1
2024,4,22,28,14,42,1,1,0
2024,4,25,17,30,13,2,3,1
2024,4,13,5,20,16,1,1,1
2024,4,24,12,10,17,0,2,0
2024,4,33,2,35,10,1,1,1
2024,4,15,10,12,31,1,1,0
2024,4,8,26,42,29,0,2,1
2024,5,1,27,36,30,1,1,1
2024,5,16,20,23,17,2,3,1
2024,5,3,29,36,10,0,3,1
2024,5,4,33,38,41,1,1,0
2024,5,17,15,10,15,0,2,0
2024,5,28,5,34,13,2,1,1
2024,5,30,11,37,34,2,1,1
2024,5,34,2,23,20,2,0,1
2024,5,7,13,34,18,0,3,1
2024,5,25,22,23,24,3,1,0
2024,5,14,9,19,24,2,1,0
2024,5,26,19,20,29,1,1,0
2024,5,23,6,17,20,1,3,0
2024,5,12,18,26,13,1,1,1
2024,6,26,25,24,36,3,0,0
2024,6,3,30,35,16,1,2,1
2024,6,9,22,34,13,1,3,1
2024,6,10,11,17,20,1,1,0
2024,6,17,34,21,41,4,1,0
2024,6,18,27,27,51,3,3,0
2024,6,21,5,20,16,0,0,1
2024,6,33,28,30,23,1,0,1
2024,6,7,24,16,23,2,0,0
2024,6,13,23,13,32,3,0,0
2024,6,6,8,9,47,5,0,0
2024,6,29,1,20,38,2,1,0
2024,6,19,4,7,17,1,1,0
2024,6,20,2,20,23,1,0,0
2024,7,18,7,10,33,2,1,0
2024,7,30,17,32,16,0,0,1
2024,7,1,26,14,34,3,0,0
2024,7,2,10,34,10,0,2,1
2024,7,5,4,14,21,2,0,0
2024,7,9,34,24,22,3,0,1
2024,7,11,15,16,10,1,2,1
2024,7,16,8,29,31,1,1,0
2024,7,19,21,3,28,0,0,0
2024,7,14,13,20,15,1,4,1
2024,7,28,29,40,7,0,2,1
2024,7,25,12,18,28,3,2,0
2024,7,23,20,37,15,0,2,1
2024,7,27,33,31,41,2,1,0
2024,7,22,24,17,15,1,2,1
2024,8,14,16,30,20,1,0,1
2024,8,4,21,17,37,2,0,0
2024,8,5,33,29,24,1,0,1
2024,8,8,10,52,14,0,4,1
2024,8,15,22,27,28,0,0,0
2024,8,17,20,25,22,0,0,1
2024,8,27,1,26,31,3,0,0
2024,8,30,9,27,30,2,1,0
2024,8,34,11,23,20,1,2,1
2024,8,24,18,26,8,0,0,1
2024,8,26,2,10,31,2,1,0
2024,8,7,29,28,14,2,2,1
2024,8,13,12,20,27,1,1,0
2024,8,28,3,18,15,0,1,1
2024,8,25,6,30,24,0,2,1
2024,8,23,19,26,18,1,2,1
2024,9,20,34,21,13,1,1,1
2024,9,1,6,27,21,1,0,1
2024,9,2,15,30,27,1,1,1
2024,9,4,13,41,24,1,2,1
2024,9,5,24,10,27,3,0,0
2024,9,10,17,20,17,1,3,1
2024,9,19,28,22,27,1,0,0
2024,9,29,18,23,22,1,0,1
2024,9,33,7,41,10,0,1,1
2024,9,21,30,28,23,1,3,1
2024,9,22,3,29,9,2,0,1
2024,9,9,8,14,24,1,0,0
2024,9,26,14,20,26,3,1,0
2024,9,16,11,21,13,3,2,1
2024,9,12,27,30,24,1,0,1
2024,10,33,4,35,34,0,1,1
2024,10,29,19,20,17,1,3,1
2024,10,3,17,3,19,0,1,0
2024,10,11,2,20,30,4,2,0
2024,10,12,7,16,14,0,0,1
2024,10,18,1,20,17,0,1,1
2024,10,27,25,20,23,0,1,0
2024,10,28,23,27,28,1,2,0
2024,10,30,16,7,12,3,3,0
2024,10,24,10,27,17,0,0,1
2024,10,6,21,6,34,5,2,0
2024,10,22,20,31,6,0,1,1
2024,10,34,8,23,26,2,5,0
2024,10,14,15,15,23,2,2,0
2024,11,21,28,26,18,0,1,1
2024,11,3,9,19,20,0,1,0
2024,11,8,30,52,6,0,1,1
2024,11,10,16,13,23,1,1,0
2024,11,15,13,34,19,0,1,1
2024,11,17,14,22,28,2,0,0
2024,11,18,5,35,14,2,0,1
2024,11,20,11,27,28,0,1,0
2024,11,23,33,18,16,1,3,1
2024,11,7,1,38,6,0,1,1
2024,11,25,26,17,20,1,1,0
2024,11,2,12,30,21,1,2,1
2024,11,24,4,34,27,1,0,1
2024,11,6,34,10,34,2,1,0
2024,12,5,23,24,19,3,1,1
2024,12,3,16,27,30,1,1,0
2024,12,11,8,6,24,0,0,0
2024,12,15,17,34,15,1,2,1
2024,12,19,27,7,30,1,1,0
2024,12,28,6,26,34,3,1,0
2024,12,29,12,27,30,0,0,0
2024,12,34,10,27,32,2,3,0
2024,12,13,7,19,29,2,0,0
2024,12,9,25,38,10,0,3,1
2024,12,26,22,16,6,1,1,1
2024,12,14,21,20,37,1,0,0
2024,12,24,33,23,30,0,0,0
2024,13,8,3,23,20,1,0,1
2024,13,6,19,27,20,0,2,1
2024,13,9,15,30,17,0,1,1
2024,13,12,13,19,17,0,1,1
2024,13,1,24,13,17,4,1,0
2024,13,4,23,38,44,3,1,0
2024,13,16,22,23,22,1,2,1
2024,13,17,11,24,25,1,2,0
2024,13,20,26,21,26,2,2,0
2024,13,28,10,42,19,1,2,1
2024,13,30,34,20,23,1,0,0
2024,13,18,14,14,21,0,0,0
2024,13,29,27,23,26,1,2,0
2024,13,33,21,19,24,0,0,0
2024,13,2,25,35,10,0,3,1
2024,13,7,5,41,32,2,3,1
2024,14,8,9,34,31,1,1,1
2024,14,10,30,6,10,0,2,0
2024,14,15,20,32,26,0,0,1
2024,14,16,1,42,21,0,3,1
2024,14,19,18,11,14,1,1,0
2024,14,21,29,22,16,0,1,1
2024,14,23,5,27,14,1,3,1
2024,14,27,13,28,13,3,2,1
2024,14,22,26,18,30,2,0,0
2024,14,14,2,44,42,0,0,1
2024,14,25,3,38,13,1,1,1
2024,14,12,24,19,17,0,0,1
2024,14,6,4,20,27,2,1,0
2024,15,25,14,6,12,1,0,0
2024,15,5,12,7,21,6,0,0
2024,15,10,4,27,37,6,4,0
2024,15,18,28,19,20,1,0,0
2024,15,19,33,14,35,1,1,0
2024,15,29,6,14,30,4,1,0
2024,15,30,20,25,32,2,0,0
2024,15,34,15,20,12,1,4,1
2024,15,7,11,31,13,3,5,1
2024,15,8,2,42,48,1,0,0
2024,15,21,23,27,13,2,1,1
2024,15,22,17,30,17,0,1,1
2024,15,24,27,17,40,2,2,0
2024,15,26,9,13,30,2,1,0
2024,15,16,3,30,12,1,1,1
2024,15,13,1,9,15,3,1,0
2024,16,24,7,34,27,1,0,1
2024,16,12,34,27,19,0,2,1
2024,16,33,23,34,17,1,2,1
2024,16,1,19,34,7,1,3,1
2024,16,3,8,17,34,2,0,0
2024,16,4,5,24,6,1,3,1
2024,16,11,10,38,30,1,3,1
2024,16,20,14,9,19,2,1,0
2024,16,28,21,36,33,5,2,1
2024,16,29,22,36,30,0,2,1
2024,16,26,16,24,27,2,0,0
2024,16,2,17,24,21,1,3,1
2024,16,13,30,19,14,0,2,1
2024,16,15,25,29,17,0,1,1
2024,16,6,27,26,24,0,2,1
2024,16,9,18,34,0,0,2,1
2024,17,23,12,10,29,2,0,0
2024,17,34,33,2,31,1,0,0
2024,17,3,26,3,6,1,1,0
2024,17,17,24,7,40,1,0,0
2024,17,4,7,30,24,1,1,1
2024,17,14,22,13,9,0,2,1
2024,17,2,20,40,14,0,3,1
2024,17,18,13,10,25,2,0,0
2024,17,19,11,45,33,0,3,1
2024,17,21,6,41,7,0,4,1
2024,17,27,29,48,14,0,0,1
2024,17,30,10,20,13,0,1,1
2024,17,5,15,3,20,2,0,0
2024,17,16,9,27,25,1,1,1
2024,17,28,1,30,24,1,1,1
2024,17,25,8,34,40,2,0,0
2024,18,33,5,35,10,0,2,1
2024,18,23,4,17,19,1,2,0
2024,18,1,29,38,44,1,0,0
2024,18,6,28,19,23,0,1,0
2024,18,9,3,22,24,2,2,0
2024,18,10,34,14,23,1,1,0
2024,18,11,30,26,23,0,1,1
2024,18,17,2,23,16,1,0,1
2024,18,21,19,20,13,0,1,1
2024,18,27,18,27,19,1,0,1
2024,18,7,12,38,0,0,0,1
2024,18,13,24,20,34,1,0,0
2024,18,14,26,25,30,1,0,0
2024,18,20,15,32,20,1,4,1
2024,18,22,25,47,24,0,3,1
2024,18,8,16,31,9,2,0,1
2025,1,21,6,24,20,0,1,1
2025,1,24,12,27,21,0,0,1
2025,1,1,27,20,23,0,0,0
2025,1,5,4,16,17,2,0,0
2025,1,11,15,33,8,0,3,1
2025,1,17,13,13,20,1,1,0
2025,1,18,22,13,20,0,0,0
2025,1,20,23,32,34,1,0,0
2025,1,28,19,21,6,0,0,1
2025,1,30,29,26,10,1,3,1
2025,1,7,10,20,12,4,2,1
2025,1,26,25,13,17,2,2,0
2025,1,9,8,27,13,0,1,1
2025,1,14,34,14,9,1,2,1
2025,1,2,33,41,40,0,1,1
2025,1,3,16,24,27,1,1,0
2025,2,9,28,27,18,0,0,1
2025,2,4,30,31,27,3,2,1
2025,2,6,19,40,37,1,1,1
2025,2,8,3,52,21,0,2,1
2025,2,10,14,19,33,1,1,0
2025,2,15,17,27,33,1,0,0
2025,2,18,25,21,26,1,1,0
2025,2,20,2,10,30,1,0,0
2025,2,23,26,17,31,2,2,0
2025,2,33,5,41,17,0,2,1
2025,2,11,7,29,28,0,1,1
2025,2,22,29,27,22,1,2,1
2025,2,12,21,17,20,1,0,0
2025,2,16,1,6,22,4,1,0
2025,2,34,27,19,20,0,0,0
2025,2,13,24,9,20,3,1,0
2025,3,2,15,31,21,0,1,1
2025,3,5,9,13,10,1,1,1
2025,3,10,11,20,41,1,0,0
2025,3,16,4,48,10,0,5,1
2025,3,17,23,14,21,5,1,0
2025,3,21,14,33,26,1,1,1
2025,3,27,20,29,27,0,2,1
2025,3,28,13,41,24,1,0,1
2025,3,29,1,30,0,1,3,1
2025,3,30,34,17,10,1,3,1
2025,3,24,7,23,20,2,0,1
2025,3,26,18,44,13,1,1,1
2025,3,3,6,31,14,0,4,1
2025,3,25,22,16,15,1,0,1
2025,3,19,12,9,22,2,0,0
2025,3,33,8,30,38,1,0,0
2025,4,22,26,20,23,2,1,0
2025,4,23,16,24,21,0,2,1
2025,4,1,28,34,27,1,1,1
2025,4,2,18,31,19,1,1,1
2025,4,8,5,34,10,1,3,1
2025,4,17,29,42,13,0,0,1
2025,4,19,24,21,18,0,2,1
2025,4,27,21,25,31,2,0,0
2025,4,34,10,26,0,0,1,1
2025,4,14,11,27,20,1,3,1
2025,4,25,30,21,26,4,0,0
2025,4,12,33,37,20,0,2,1
2025,4,13,3,24,25,4,1,0
2025,4,6,9,40,40,0,1,0
2025,4,15,20,27,21,0,3,1
2025,4,7,4,28,3,1,0,1
2025,5,14,25,23,26,2,0,0
2025,5,5,16,17,21,0,2,0
2025,5,11,13,40,6,0,2,1
2025,5,18,19,26,14,0,5,1
2025,5,20,6,22,37,1,0,0
2025,5,21,7,17,21,0,0,0
2025,5,29,15,27,24,2,0,1
2025,5,33,34,10,44,3,0,0
2025,5,22,10,21,22,3,2,0
2025,5,26,27,35,38,2,0,0
2025,5,4,8,24,37,3,1,0
2025,5,24,28,10,27,2,1,0
2025,5,2,17,20,23,3,1,0
2025,5,30,12,31,28,2,1,1
2025,6,19,21,34,17,0,2,1
2025,6,20,7,11,13,0,1,0
2025,6,11,22,31,27,1,1,1
2025,6,15,24,27,29,3,1,0
2025,6,18,17,19,25,1,0,0
2025,6,23,5,23,9,0,0,1
2025,6,29,6,30,27,1,0,1
2025,6,30,26,12,20,0,0,0
2025,6,33,14,3,17,3,1,0
2025,6,13,10,20,10,1,3,1
2025,6,9,4,27,18,1,0,1
2025,6,27,25,30,19,0,2,1
2025,6,12,8,30,17,0,0,1
2025,6,1,2,24,14,0,2,1
2025,6,28,3,24,25,3,0,0
2025,7,4,23,33,31,0,2,1
2025,7,30,14,7,35,0,0,0
2025,7,3,18,26,14,1,4,1
2025,7,5,15,31,6,0,4,1
2025,7,10,17,13,31,2,0,0
2025,7,12,13,31,0,0,1,1
2025,7,16,21,22,28,2,0,0
2025,7,20,29,6,13,2,0,0
2025,7,7,19,33,32,0,1,1
2025,7,24,11,24,38,2,0,0
2025,7,6,28,44,22,0,2,1
2025,7,22,9,23,27,1,0,0
2025,7,25,1,20,10,1,1,1
2025,7,8,27,24,9,2,2,1
2025,7,26,34,27,19,4,1,1
2025,8,24,16,37,10,1,1,1
2025,8,1,15,10,34,1,0,0
2025,8,4,20,38,39,0,0,0
2025,8,17,5,32,13,2,2,1
2025,8,21,19,38,20,0,0,1
2025,8,29,2,9,40,3,0,0
2025,8,33,3,30,16,0,1,1
2025,8,34,25,26,15,1,1,1
2025,8,18,27,3,23,4,1,0
2025,8,7,6,44,24,1,2,1
2025,8,11,10,38,14,0,1,1
2025,8,23,9,25,35,1,0,0
2025,8,12,28,28,7,2,2,1
2025,9,15,33,6,28,3,0,0
2025,9,4,3,42,47,3,0,0
2025,9,8,16,24,27,1,1,0
2025,9,9,29,13,16,2,1,0
2025,9,10,24,20,27,0,1,0
2025,9,17,1,24,23,2,0,1
2025,9,19,25,24,34,0,1,0
2025,9,23,11,27,20,1,6,1
2025,9,34,7,15,18,0,2,0
2025,9,13,30,29,30,1,1,0
2025,9,14,18,34,10,0,2,1
2025,9,2,12,28,21,0,1,1
2025,9,28,26,14,38,2,1,0
2025,9,6,22,17,27,3,0,0
2025,10,7,13,10,7,2,1,1
2025,10,11,1,31,25,2,1,1
2025,10,3,19,24,20,0,1,1
2025,10,15,2,30,13,2,3,1
2025,10,16,33,19,27,3,0,0
2025,10,20,5,27,20,1,0,1
2025,10,27,17,23,28,0,1,0
2025,10,29,18,7,17,2,1,0
2025,10,34,30,36,29,2,2,1
2025,10,26,22,44,22,3,2,1
2025,10,25,14,26,42,2,0,0
2025,10,28,8,22,44,0,0,0
2025,10,24,23,25,10,0,3,1
2025,10,9,21,7,10,2,1,0
2025,11,17,20,27,14,0,1,1
2025,11,15,28,16,13,0,2,1
2025,11,1,29,27,30,1,0,0
2025,11,2,27,44,32,3,2,1
2025,11,10,34,13,16,1,0,0
2025,11,16,3,17,19,2,0,0
2025,11,19,9,20,27,2,0,0
2025,11,23,4,34,12,0,2,1
2025,11,30,24,35,6,1,1,1
2025,11,14,26,21,19,1,4,1
2025,11,22,25,22,41,3,0,0
2025,11,5,33,16,23,1,3,0
2025,11,7,12,22,19,0,1,1
2025,11,21,8,16,9,0,1,1
2025,11,13,6,16,33,1,1,0
2025,12,34,2,23,19,0,3,1
2025,12,3,23,31,28,2,2,1
2025,12,4,17,20,26,1,1,0
2025,12,8,19,34,27,1,1,1
2025,12,9,16,23,6,0,3,1
2025,12,10,26,24,30,0,0,0
2025,12,12,11,23,20,2,0,1
2025,12,33,20,23,10,0,2,1
2025,12,13,5,10,24,1,2,0
2025,12,22,30,24,27,0,4,0
2025,12,6,21,24,21,2,2,1
2025,12,18,1,10,24,2,1,0
2025,12,14,27,34,7,0,2,1
2025,12,25,29,20,9,3,2,1
2025,13,8,9,24,31,0,0,0
2025,13,6,12,31,28,1,0,1
2025,13,33,4,14,32,5,1,0
2025,13,21,3,15,24,2,1,0
2025,13,5,25,8,26,2,0,0
2025,13,10,30,3,25,2,0,0
2025,13,11,34,16,20,0,1,0
2025,13,15,18,21,17,1,2,1
2025,13,20,1,27,24,0,1,1
2025,13,27,22,20,17,0,2,1
2025,13,29,14,31,28,0,3,1
2025,13,26,16,26,0,2,5,1
2025,13,23,2,7,26,2,2,0
2025,13,24,13,31,14,1,1,1
2025,13,28,7,26,27,1,1,0
2025,13,17,19,33,15,0,1,1
2025,14,8,6,44,30,0,3,1
2025,14,1,26,9,37,3,1,0
2025,14,2,4,39,34,1,2,1
2025,14,5,10,29,31,2,1,0
2025,14,16,28,31,0,0,3,1
2025,14,20,15,10,34,3,0,0
2025,14,27,18,20,24,1,1,0
2025,14,30,11,36,19,1,3,1
2025,14,33,23,22,27,1,0,0
2025,14,13,7,17,24,0,0,0
2025,14,9,3,28,21,1,1,1
2025,14,22,14,17,45,1,0,0
2025,14,12,34,10,20,3,0,0
2025,14,24,21,22,19,3,5,1
2025,15,27,1,28,29,1,1,0
2025,15,3,5,31,3,0,3,1
2025,15,4,33,0,24,2,1,0
2025,15,12,24,13,16,2,1,0
2025,15,17,2,31,35,1,0,0
2025,15,19,28,21,29,1,2,0
2025,15,21,13,31,0,0,1,1
2025,15,30,20,48,20,1,3,1
2025,15,34,22,40,20,0,2,1
2025,15,7,9,34,26,1,2,1
2025,15,14,8,41,34,1,0,1
2025,15,18,29,20,17,0,1,1
2025,15,25,10,37,24,1,0,1
2025,15,26,11,18,16,0,1,1
2025,15,6,16,26,34,0,1,0
2025,15,23,15,28,15,0,1,1
2025,16,26,14,38,37,3,0,1
2025,16,28,21,18,29,1,1,0
2025,16,3,9,22,16,0,1,1
2025,16,5,2,20,23,2,0,0
2025,16,6,24,17,34,1,0,0
2025,16,10,12,26,9,0,0,1
2025,16,15,4,21,45,3,0,0
2025,16,18,20,29,6,1,2,1
2025,16,19,16,13,16,1,2,0
2025,16,29,27,23,20,0,1,1
2025,16,7,30,20,34,2,0,0
2025,16,22,1,19,26,1,2,0
2025,16,8,23,24,29,0,1,0
2025,16,34,13,23,21,0,1,1
2025,16,33,17,24,28,2,2,0
2025,16,11,25,27,48,2,1,0
2025,17,28,6,23,30,0,0,0
2025,17,16,8,23,10,0,6,1
2025,17,12,7,13,20,0,1,0
2025,17,24,34,16,20,1,2,0
2025,17,9,33,24,41,2,0,0
2025,17,4,22,37,14,0,0,1
2025,17,5,23,13,6,2,0,1
2025,17,10,18,26,34,1,1,0
2025,17,11,30,17,23,2,2,0
2025,17,15,27,20,17,0,3,1
2025,17,20,17,10,42,1,0,0
2025,17,29,26,10,27,2,2,0
2025,17,13,19,10,34,2,0,0
2025,17,2,21,12,13,1,0,0
2025,17,25,3,42,38,1,0,1
2025,17,1,14,27,24,0,3,1
2025,18,27,29,16,14,1,3,1
2025,18,25,26,3,13,1,0,0
2025,18,1,18,19,17,1,2,1
2025,18,4,5,18,20,2,1,0
2025,18,16,9,16,3,1,0,1
2025,18,19,6,34,17,1,2,1
2025,18,30,10,41,7,0,1,1
2025,18,34,11,38,30,0,3,1
2025,18,2,20,35,8,0,0,1
2025,18,3,8,16,19,1,1,0
2025,18,7,24,19,3,0,2,1
2025,18,13,12,14,12,2,2,1
2025,18,14,22,37,20,0,2,1
2025,18,17,15,38,10,0,2,1
2025,18,21,28,17,24,1,2,0
2025,18,23,33,26,24,0,1,1
2026,1,26,17,13,10,0,3,1
2026,1,14,25,7,27,2,1,0
2026,1,4,27,33,27,1,4,1
2026,1,8,18,31,30,1,3,1
2026,1,10,20,10,23,1,0,0
2026,1,11,33,23,41,2,1,0
2026,1,23,1,20,13,1,2,1
2026,1,29,3,37,59,3,1,0
2026,1,30,5,34,10,0,2,1
2026,1,34,2,31,36,2,0,0
2026,1,13,15,27,13,2,2,1
2026,1,16,9,39,22,1,2,1
2026,1,21,28,24,22,0,0,1
2026,1,24,22,14,26,2,0,0
2026,1,19,6,28,20,1,1,1
2026,1,12,7,31,10,1,2,1
